DEALDATE,DEALDATETIME,FULLADRESS,DISPLAYADRESS,GUSH,DEALNATUREDESCRIPTION,ASSETROOMNUM,FLOORNO,DEALNATURE,DEALAMOUNT,NEWPROJECTTEXT,PROJECTNAME,BUILDINGYEAR,YEARBUILT,BUILDINGFLOORS,KEYVALUE,TYPE,POLYGON_ID,TREND_IS_NEGATIVE,TREND_FORMAT,city_name,street,presentage per year,GUSH - Copy,Gush_Helka,Price per sqm,lat,lon,Year
2024-12-05,2024-05-12,"המעפילים 9, בית שמש",המעפילים 9,5210-63-6,דירה בבית קומות,3.0,שלישית,46.8,1440000,,,1960.0,,3.0,3723707130,1,521063,False,46% ב 2.9 שנים,בית שמש,המעפילים,15.86,5210-63-6,5210/63,30769.23076923077,31.7504891943,34.9866243024,2024
2024-12-05,2024-05-12,"נחל דולב 66, בית שמש",נחל דולב 66,34269-12-66,דירה בבית קומות,2.0,ראשונה,62.0,1690000,,,2018.0,,6.0,3723793020,1,3426912,False,,בית שמש,נחל דולב,,34269-12-66,34269/12,27258.064516129038,31.7126929757,34.9998540068,2024
2024-12-03,2024-03-12,"בן איש חי 70, בית שמש",בן איש חי 70,5934-18-32,דירה בבית קומות,4.0,ראשונה,93.65,2180000,,,2013.0,,5.0,3722226600,1,593418,False,52% ב 6.5 שנים,בית שמש,בן איש חי,8.0,5934-18-32,5934/18,23278.16337426588,31.7519189112,34.9991958888,2024
2024-12-03,2024-03-12,"אהבת שלום 3, בית שמש",אהבת שלום 3,34515-100-2,דירה בבית קומות,4.0,שלישית,96.0,2200000,,,2015.0,,1.0,3722650560,1,34515100,False,,בית שמש,אהבת שלום,,34515-100-2,34515/100,22916.666666666668,31.7068013732,34.98807654,2024
2024-12-03,2024-03-12,"נחל רביבים 10, בית שמש",נחל רביבים 10,34271-33-20,דירה בבית קומות,4.0,ראשונה,109.75,2250000,,,1998.0,,4.0,3722370390,1,3427133,False,,בית שמש,נחל רביבים,,34271-33-20,34271/33,20501.13895216401,31.7115408359,34.9945407266,2024
2024-12-03,2024-03-12,"רפאל אלנקווה 6, בית שמש",רפאל אלנקווה 6,5213-125-1,דירה בבית קומות,3.0,ראשונה,62.72,1560000,,,1970.0,,4.0,3722383290,1,5213125,False,13% ב 1.7 שנים,בית שמש,אלנקוה רפאל,7.65,5213-125-1,5213/125,24872.44897959184,31.7467613996,34.9872651381,2024
2024-12-03,2024-03-12,"נחל מיכה 18, בית שמש",נחל מיכה 18,34276-7-26,דירה בבית קומות,5.0,קרקע + ראשונה,127.5,3800000,,,1999.0,,2.0,3722427600,1,342767,False,31% ב 2.5 שנים,בית שמש,נחל מיכה,12.4,34276-7-26,34276/7,29803.92156862745,31.717452199,34.9933601346,2024
2024-12-02,2024-02-12,"האמוראים 53, ",האמוראים 53,34281-351-2,דירה בבית קומות,6.0,שביעית,163.0,4000000,,,2022.0,,1.0,3723430680,1,34281351,False,,בית שמש,האמוראים,,34281-351-2,34281/351,24539.877300613494,31.7021651172,34.9695535079,2024
2024-12-02,2024-02-12,"בן איש חי 9, בית שמש",בן איש חי 9,5935-22-76,דירה בבית קומות,4.0,שישית,95.0,2150000,,,2004.0,,7.0,3721403940,1,593522,False,,בית שמש,בן איש חי,,5935-22-76,5935/22,22631.57894736842,31.74448978,34.9986599105,2024
2024-12-01,2024-01-12,"רבי יוסי בן-קיסמא 15, בית שמש",רבי יוסי בן-קיסמא 15,5943-45-71,דירה בבית קומות,5.0,שלישית,120.0,2370000,,,2000.0,,4.0,3720430980,1,594345,False,,בית שמש,רבי יוסי בן קיסמא,,5943-45-71,5943/45,19750.0,31.7357035791,34.9978739037,2024
2024-11-08,2024-08-11,"הארבל 4, בית שמש",הארבל 4,5215-40-72,דירה בבית קומות,4.0,קרקע,99.35,3270000,,,1997.0,,2.0,3726422190,1,521540,False,,בית שמש,הארבל,,5215-40-72,5215/40,32913.94061399094,31.7477379779,34.995649801,2024
2024-11-07,2024-07-11,"ירמיהו הנביא 16, בית שמש",ירמיהו הנביא 16,34356-7-93,דירה בבית קומות,4.0,רביעית,86.7,2350000,,,2014.0,,6.0,3725654010,1,343567,False,,בית שמש,ירמיהו הנביא,,34356-7-93,34356/7,27104.959630911188,31.700968317,34.9826763053,2024
2024-11-07,2024-07-11,"המשלט 23, בית שמש",המשלט 23,5208-48-4,דירה בבית קומות,2.0,שניה,25.6,1500000,,,1950.0,,2.0,3726307380,1,520848,False,100% ב 2.3 שנים,בית שמש,המשלט,43.48,5208-48-4,5208/48,58593.75,31.7496711134,34.9954869495,2024
2024-11-07,2024-07-11,"שמואל הנביא 14, בית שמש",שמואל הנביא 14,34515-40-19,דירה בבית קומות,4.0,שלישית,103.0,2550000,,,2017.0,,6.0,3725333010,1,3451540,False,,בית שמש,שמואל הנביא,,34515-40-19,34515/40,24757.281553398057,31.7065131707,34.9928400352,2024
2024-11-07,2024-07-11,"העונות 9, ",העונות 9,34574-12-25,דירה בבית קומות,5.0,שניה,120.0,2929000,,,2022.0,,5.0,3725435430,1,3457412,False,,בית שמש,העונות,,34574-12-25,34574/12,24408.33333333333,31.7018716598,35.0063516135,2024
2024-11-06,2024-06-11,"האמוראים 15, ",האמוראים 15,34583-41-32,דירה בבית קומות,5.0,קומה ‎3‏,127.75,2800000,,,2020.0,,8.0,3724607820,1,3458341,False,117% ב 6.3 שנים,בית שמש,האמוראים,18.57,34583-41-32,34583/41,21917.80821917808,31.7056596663,34.9717153757,2024
2024-11-04,2024-04-11,"הצבע 3, בית שמש",הצבע 3,5206-54-8,משרד,,שלישית,122.01,1554000,,,1965.0,,3.0,3723500460,1,520654,False,237% ב 19.5 שנים,בית שמש,הצבע,12.15,5206-54-8,5206/54,12736.660929432011,31.7547295434,34.9946818021,2024
2024-11-04,2024-04-11,"נחל נחשון 6, בית שמש",נחל נחשון 6,34274-21-21,דירה בבית קומות,5.0,שניה,100.25,2795000,,,2000.0,,3.0,3723130950,1,3427421,False,,בית שמש,נחל נחשון,,34274-21-21,34274/21,27880.299251870325,31.7143094418,34.993202879,2024
2024-11-04,2024-04-11,"יואל הנביא 26, בית שמש",יואל הנביא 26,34355-84-18,דירה בבית קומות,5.0,רביעית,95.0,3220000,,,2013.0,,5.0,3723420000,1,3435584,False,211% ב 11.7 שנים,בית שמש,יואל הנביא,18.03,34355-84-18,34355/84,33894.73684210526,31.7055436939,34.9790670686,2024
2024-11-04,2024-04-11,"נחל דולב 66, בית שמש",נחל דולב 66,34269-12-68,דירה בבית קומות,2.0,שניה,40.0,1350000,,,2018.0,,6.0,3723911580,1,3426912,False,,בית שמש,נחל דולב,,34269-12-68,34269/12,33750.0,31.7126929757,34.9998540068,2024
2024-11-03,2024-03-11,"נחל ניצנים 10, בית שמש",נחל ניצנים 10,34278-36-5,דירה בבית קומות,3.0,שלישית,75.0,1810000,,,2000.0,,2.0,3722184060,1,3427836,False,,בית שמש,נחל ניצנים,,34278-36-5,34278/36,24133.33333333333,31.7131317405,34.9885058935,2024
2024-11-02,2024-02-11,"העלייה 7, בית שמש",העלייה 7,5203-10-155,דירה בבית קומות,5.0,קומה ‎7‏,122.35,2690000,,,2012.0,,15.0,3721349730,1,520310,False,91% ב 8.2 שנים,בית שמש,העליה,11.1,5203-10-155,5203/10,21986.10543522681,31.7557246239,34.9873893367,2024
2024-11-01,2024-01-11,"ירמיהו הנביא 8, בית שמש",ירמיהו הנביא 8,34356-7-39,דירה בבית קומות,3.0,חמישית,85.6,1900000,,,2013.0,,6.0,3720428010,1,343567,False,,בית שמש,ירמיהו הנביא,,34356-7-39,34356/7,22196.26168224299,31.700968317,34.9826763053,2024
2024-11-01,2024-01-11,"ארלוזורוב 29, בית שמש",ארלוזורוב 29,5209-90-8,דירה בבית קומות,3.0,שניה,46.8,1720000,,,1980.0,2010.0,2.0,3722082300,1,520990,False,74% ב 5.9 שנים,בית שמש,ארלוזורוב,12.54,5209-90-8,5209/90,36752.13675213676,31.7497073564,34.9883391799,2024
2024-10-07,2024-07-10,"הנורית 25, בית שמש",הנורית 25,5219-46-11,דירה בבית קומות,3.0,קרקע,67.0,1680000,,,1980.0,,1.0,3725323800,1,521946,False,211% ב 16 שנים,בית שמש,הנורית,13.19,5219-46-11,5219/46,25074.62686567164,31.7379660003,34.977950569,2024
2024-10-07,2024-07-10,"חגואל 15, ",חגואל 15,34574-92-85,דירה בבית קומות,4.0,קומה ‎2‏,101.25,1950000,,,2022.0,,8.0,3726001470,1,3457492,False,,בית שמש,ניסן,,34574-92-85,34574/92,19259.25925925926,31.7049550365,35.00111349,2024
2024-10-07,2024-07-10,"נהרדעא 35, ",נהרדעא 35,34281-458-1,דירה בבית קומות,3.0,שלישית,97.0,1880000,,,2021.0,,1.0,3726440070,1,34281458,False,,בית שמש,נהרדעא,,34281-458-1,34281/458,19381.443298969072,31.7011892366,34.9687603138,2024
2024-10-06,2024-06-10,"ביאליק 12, בית שמש",ביאליק 12,5210-2-10,,3.0,שלישית,45.4,1365000,,,1980.0,,3.0,3724730340,1,52102,False,,בית שמש,ביאליק,,5210-2-10,5210/2,30066.079295154184,31.7526587224,34.983383157,2024
2024-10-06,2024-06-10,"הנרקיס 30, בית שמש",הנרקיס 30,5219-25-15,דירה בבית קומות,4.0,שלישית,78.0,1560000,,,1970.0,,3.0,3724393710,1,521925,False,,בית שמש,הנרקיס,,5219-25-15,5219/25,20000.0,31.7369874451,34.9805638196,2024
2024-10-06,2024-06-10,"ראובן 16, בית שמש",ראובן 16,5545-7-8,דירה בבית קומות,4.0,שניה,116.0,2345000,,,2000.0,,3.0,3725178060,1,55457,False,,בית שמש,ראובן,,5545-7-8,5545/7,20215.51724137931,31.740037033,34.9864509069,2024
2024-10-06,2024-06-10,"נחל שורק 10, בית שמש",נחל שורק 10,34273-41-18,דירה בבית קומות,4.0,שלישית,80.8,1910000,,,1998.0,,4.0,3724898100,1,3427341,False,197% ב 17 שנים,בית שמש,נחל שורק,11.59,34273-41-18,34273/41,23638.61386138614,31.7148445994,34.9945502981,2024
2024-10-05,2024-05-10,"הנרקיס 12, בית שמש",הנרקיס 12,5219-10-8,דירה בבית קומות,4.0,שלישית,78.0,1575000,,,1970.0,,3.0,3723677970,1,521910,False,81% ב 3.2 שנים,בית שמש,הנרקיס,25.31,5219-10-8,5219/10,20192.30769230769,31.7378074785,34.9762023399,2024
2024-10-05,2024-05-10,"מצפה הרש""פ 4, בית שמש","מצפה הרש""פ 4",5152-17-13,דירה בבית קומות,3.0,שניה,80.0,1920000,,,2003.0,,5.0,3723646020,1,515217,False,,בית שמש,"מצפה הרש""פ",,5152-17-13,5152/17,24000.0,31.7300239413,34.9936989793,2024
2024-10-04,2024-04-10,"רש""י 5, בית שמש","רש""י 5",5546-2-6,דירה בבית קומות,4.0,ראשונה,87.0,2390000,,,1994.0,,2.0,3723545490,1,55462,False,,בית שמש,"רש""י",,5546-2-6,5546/2,27471.264367816093,31.7407147708,34.9899752442,2024
2024-10-04,2024-04-10,"רפאל אלנקווה 15, בית שמש",רפאל אלנקווה 15,5213-115-5,דירה בבית קומות,4.0,שלישית,79.6,1400000,,,1970.0,,4.0,3723481860,1,5213115,False,42% ב 6.5 שנים,בית שמש,אלנקוה רפאל,6.46,5213-115-5,5213/115,17587.939698492464,31.7473712189,34.9867690591,2024
2024-10-04,2024-04-10,"רבן יוחנן בן-זכאי 10, בית שמש",רבן יוחנן בן-זכאי 10,5940-16-27,דירה בבית קומות,3.0,שלישית,80.0,1950000,,,2000.0,,4.0,3723997710,1,594016,False,,בית שמש,רבן יוחנן בן זכאי,,5940-16-27,5940/16,24375.0,31.723402886,34.9926924729,2024
2024-10-03,2024-03-10,"מרים הנביאה 7, בית שמש",מרים הנביאה 7,34518-25-36,דירה בבית קומות,5.0,ראשונה,100.5,3050000,,,2018.0,,5.0,3722259780,1,3451825,False,62% ב 2.6 שנים,בית שמש,מרים הנביאה,23.85,34518-25-36,34518/25,30348.258706467663,31.7031910727,34.9935081098,2024
2024-09-17,2024-09-17,"האמוראים 21, ",האמוראים 21,34583-44-28,דירה בבית קומות,5.0,שלישית,130.0,2500000,,,2021.0,,8.0,3727691130,1,3458344,False,,בית שמש,האמוראים,,34583-44-28,34583/44,19230.76923076923,31.7067021252,34.9696891556,2024
2024-09-17,2024-09-17,"נחל שורק 22, בית שמש",נחל שורק 22,34276-16-2,דירה בבית קומות,4.0,קרקע,76.2,2700000,,,1990.0,,3.0,3727669410,1,3427616,False,71% ב 6.6 שנים,בית שמש,נחל שורק,10.76,34276-16-2,34276/16,35433.07086614173,31.7159578052,34.992449044,2024
2024-09-16,2024-09-16,"נחל צאלים 3, בית שמש",נחל צאלים 3,34294-62-63,דירה בבית קומות,3.0,קומה ‎6‏,68.9,2070000,,,2017.0,,7.0,3727689900,1,3429462,False,73% ב 7.8 שנים,בית שמש,נחל צאלים,9.36,34294-62-63,34294/62,30043.54136429608,31.7121730599,34.9883530771,2024
2024-09-05,2024-05-09,"מרים הנביאה 22, בית שמש",מרים הנביאה 22,34518-13-24,דירה בבית קומות,4.0,,91.0,2130000,,,2020.0,,5.0,3724079670,1,3451813,False,,בית שמש,מרים הנביאה,,34518-13-24,34518/13,23406.593406593405,31.7009577293,34.9946936961,2024
2024-09-05,2024-05-09,"רבי ינאי 5, בית שמש",רבי ינאי 5,5231-54-18,דירה בבית קומות,5.0,רביעית,101.0,2280000,,,2014.0,,7.0,3723550200,1,523154,False,,בית שמש,רבי ינאי,,5231-54-18,5231/54,22574.257425742573,31.7363948687,34.9862492317,2024
2024-09-05,2024-05-09,"גד 9, בית שמש",גד 9,5546-80-1,דירה בבית קומות,5.5,"קומה ‎0‏, קומה ‎1‏",123.1,3150000,,,2005.0,,3.0,3723834600,1,554680,False,125% ב 13.8 שנים,בית שמש,גד,9.06,5546-80-1,5546/80,25588.9520714866,31.7377172743,34.991656578,2024
2024-09-04,2024-04-09,"החרמון 7, בית שמש",החרמון 7,5215-2-26,דירה בבית קומות,3.0,קרקע,74.0,1661000,,,1990.0,,4.0,3723457860,1,52152,False,,בית שמש,החרמון,,5215-2-26,5215/2,22445.945945945947,31.7468862095,34.9962488061,2024
2024-09-04,2024-04-09,"בן-אליעזר 10, בית שמש",בן-אליעזר 10,5240-48-18,דירה בבית קומות,3.0,רביעית,63.4,1500000,,,1980.0,,7.0,3722972340,1,524048,False,21% ב 2.3 שנים,בית שמש,בן אליעזר,9.13,5240-48-18,5240/48,23659.30599369085,31.7415139705,34.9818586428,2024
2024-09-01,2024-01-09,"נריה הנביא 1, בית שמש",נריה הנביא 1,34356-6-1,דירה בבית קומות,5.0,קרקע,129.5,3210000,,,2014.0,,4.0,3721117050,1,343566,False,48% ב 5 שנים,בית שמש,נריה הנביא,9.6,34356-6-1,34356/6,24787.64478764479,31.7044601028,34.9783921642,2024
2024-08-30,2024-08-30,"נריה הנביא 11, בית שמש",נריה הנביא 11,34356-6-107,דירה בבית קומות,5.0,רביעית,134.4,3000000,,,2014.0,,7.0,3727070160,1,343566,False,120% ב 9.5 שנים,בית שמש,נריה הנביא,12.63,34356-6-107,34356/6,22321.42857142857,31.7044601028,34.9783921642,2024
2024-08-29,2024-08-29,"מרים הנביאה 21, בית שמש",מרים הנביאה 21,34518-31-51,דירה בבית קומות,4.0,קומה ‎5‏,75.3,1910000,,,2018.0,,7.0,3727109070,1,3451831,False,,בית שמש,מרים הנביאה,,34518-31-51,34518/31,25365.205843293494,31.7011571312,34.9937866436,2024
2024-08-28,2024-08-28,"גור אריה 1, בית שמש",גור אריה 1,5210-86-6,דירה בבית קומות,3.0,קומה ‎2‏,54.7,1420000,,,1960.0,,4.0,3727018740,1,521086,False,,בית שמש,גור אריה,,5210-86-6,5210/86,25959.78062157221,31.7510305247,34.985561786,2024
2024-08-23,2024-08-23,"רבי עקיבא 4, בית שמש",רבי עקיבא 4,5942-11-8,דירה בבית קומות,5.0,קרקע,128.9,4325000,,,1996.0,,2.0,3726717780,1,594211,False,,בית שמש,רבי עקיבא,,5942-11-8,5942/11,33553.141970519784,31.7289199158,34.9911143037,2024
2024-08-22,2024-08-22,"נחל מיכה 20, בית שמש",נחל מיכה 20,34276-7-33,דירה בבית קומות,4.0,שניה,90.8,2600000,,,1998.0,,2.0,3726980370,1,342767,False,87% ב 7.5 שנים,בית שמש,נחל מיכה,11.6,34276-7-33,34276/7,28634.361233480176,31.717452199,34.9933601346,2024
2024-08-22,2024-08-22,"נחל לכיש 34, בית שמש",נחל לכיש 34,34274-13-12,דירה בבית קומות,3.0,רביעית,78.9,2100000,,,1998.0,,5.0,3726689550,1,3427413,False,194% ב 19.9 שנים,בית שמש,נחל לכיש,9.75,34274-13-12,34274/13,26615.969581749046,31.7129454798,34.9937534389,2024
2024-08-21,2024-08-21,"נחל שחם 27, בית שמש",נחל שחם 27,34357-14-37,דירה בבית קומות,3.0,קומה ‎3‏,74.97,1815000,,,2014.0,,5.0,3726716760,1,3435714,False,,בית שמש,נחל שחם,,34357-14-37,34357/14,24209.68387354942,31.7038199995,34.9864927498,2024
2024-08-20,2024-08-20,"עקביא בן מהללאל 4, בית שמש",עקביא בן מהללאל 4,5943-29-30,דירה בבית קומות,3.0,שניה,74.9,1795000,,,1997.0,,3.0,3726722940,1,594329,False,52% ב 6.6 שנים,בית שמש,עקביא בן מהללאל,7.88,5943-29-30,5943/29,23965.2870493992,31.7366336231,34.9992936497,2024
2024-08-20,2024-08-20,"נהרדעא 12, ",נהרדעא 12,34281-341-2,דירה בבית קומות,4.0,שישית,94.0,2370000,,,2023.0,,1.0,3726613050,1,34281341,False,,בית שמש,נהרדעא,,34281-341-2,34281/341,25212.76595744681,31.6999692074,34.9726184431,2024
2024-08-19,2024-08-19,"המעפילים 16, בית שמש",המעפילים 16,5210-36-5,דירה בבית קומות,3.0,שלישית,47.7,1365000,,,1970.0,,4.0,3727062990,1,521036,False,68% ב 8.2 שנים,בית שמש,המעפילים,8.29,5210-36-5,5210/36,28616.35220125786,31.7503095254,34.984534461,2024
2024-08-19,2024-08-19,"האמוראים 30, ",האמוראים 30,80034-22-66,דירה בבית קומות,3.0,שישית,93.0,1970000,,,2019.0,,6.0,3727309500,1,8003422,False,,בית שמש,האמוראים,,80034-22-66,80034/22,21182.79569892473,31.7072642009,34.9661612683,2024
2024-08-18,2024-08-18,"ירמיהו הנביא 16, בית שמש",ירמיהו הנביא 16,34356-7-96,דירה בבית קומות,3.0,חמישית,85.6,1990000,,,2014.0,,6.0,3726541740,1,343567,False,,בית שמש,ירמיהו הנביא,,34356-7-96,34356/7,23247.66355140187,31.700968317,34.9826763053,2024
2024-08-18,2024-08-18,"האמוראים 21, ",האמוראים 21,34583-44-29,דירה בבית קומות,5.0,,129.0,2300000,,,2021.0,,8.0,3726537840,1,3458344,False,,בית שמש,האמוראים,,34583-44-29,34583/44,17829.457364341084,31.7067021252,34.9696891556,2024
2024-08-16,2024-08-16,"חגי הנביא 7, בית שמש",חגי הנביא 7,34356-13-10,דירה בבית קומות,5.0,ראשונה,186.0,3050000,,,2013.0,,4.0,3726685110,1,3435613,False,,בית שמש,חגי הנביא,,34356-13-10,34356/13,16397.84946236559,31.7016719526,34.9821138734,2024
2024-08-15,2024-08-15,"האמוראים 26, ",האמוראים 26,80035-14-63,דירה בבית קומות,3.0,חמישית,90.0,1900000,,,2019.0,,6.0,3727062750,1,8003514,False,,בית שמש,האמוראים,,80035-14-63,80035/14,21111.11111111111,31.7075063376,34.9670212464,2024
2024-08-15,2024-08-15,"גור אריה 5, בית שמש",גור אריה 5,5210-40-1,דירה בבית קומות,4.0,ראשונה,63.4,1550000,,,1980.0,,2.0,3726525900,1,521040,False,278% ב 16.1 שנים,בית שמש,גור אריה,17.27,5210-40-1,5210/40,24447.94952681388,31.7512919674,34.9846625653,2024
2024-08-14,2024-08-14,"גד 7, בית שמש",גד 7,5546-79-14,דירה בבית קומות,5.0,"קומה ‎0‏, קומה ‎1‏",123.2,3200000,,,2005.0,,2.0,3727001100,1,554679,False,58% ב 5.5 שנים,בית שמש,גד,10.55,5546-79-14,5546/79,25974.02597402597,31.7379451007,34.9916048281,2024
2024-08-14,2024-08-14,"הרצל 30, בית שמש",הרצל 30,5208-74-15,דירה בבית קומות,4.0,רביעית,89.0,1989000,,,1970.0,2026.0,4.0,3726565050,1,520874,False,,בית שמש,הרצל,,5208-74-15,5208/74,22348.314606741573,31.7492682352,34.9924197417,2024
2024-08-14,2024-08-14,"הנרקיס 40, בית שמש",הנרקיס 40,5219-13-3,דירה בבית קומות,3.5,ראשונה,67.0,1510000,,,1970.0,,3.0,3726884310,1,521913,False,,בית שמש,הנרקיס,,5219-13-3,5219/13,22537.31343283582,31.7371910708,34.9765831788,2024
2024-08-14,2024-08-14,"השבעה 20, בית שמש",השבעה 20,5213-1-6,דירה בבית קומות,4.0,תשיעית,91.0,2149000,,,2024.0,,1.0,3727194690,1,52131,False,,בית שמש,השבעה,,5213-1-6,5213/1,23615.384615384617,31.7498227958,34.9828536084,2024
2024-08-14,2024-08-14,"נחל צאלים 1, בית שמש",נחל צאלים 1,34294-62-82,דירה בבית קומות,3.0,קומה ‎5‏,68.1,1930000,,,2016.0,,7.0,3726532140,1,3429462,False,62% ב 7.6 שנים,בית שמש,נחל צאלים,8.16,34294-62-82,34294/62,28340.67547723936,31.7121730599,34.9883530771,2024
2024-08-07,2024-07-08,"מרים הנביאה 21, בית שמש",מרים הנביאה 21,34518-31-26,דירה בבית קומות,3.0,קומה ‎3‏,75.0,1930000,,,2018.0,,7.0,3725167440,1,3451831,False,,בית שמש,מרים הנביאה,,34518-31-26,34518/31,25733.33333333333,31.7011571312,34.9937866436,2024
2024-08-04,2024-04-08,"התפוח 1, בית שמש",התפוח 1,5217-1-9,דירה בבית קומות,6.0,ראשונה,110.0,3370000,,,1990.0,,1.0,3723127740,1,52171,False,,בית שמש,התפוח,,5217-1-9,5217/1,30636.36363636364,31.7459269697,34.9747627406,2024
2024-08-02,2024-02-08,"בן איש חי 49, בית שמש",בן איש חי 49,5934-24-67,דירה בבית קומות,3.0,ראשונה,76.25,1800000,,,2013.0,,4.0,3721334880,1,593424,False,79% ב 8.7 שנים,בית שמש,בן איש חי,9.08,5934-24-67,5934/24,23606.55737704918,31.7485841234,35.000426176,2024
2024-08-02,2024-02-08,"נחל שורק 4, בית שמש",נחל שורק 4,34273-39-18,,3.0,רביעית,62.72,1900000,,,2000.0,,5.0,3721360800,1,3427339,False,90% ב 8.9 שנים,בית שמש,נחל שורק,10.11,34273-39-18,34273/39,30293.367346938776,31.7134181559,34.9968911716,2024
2024-08-02,2024-02-08,"יחזקאל הנביא 19, בית שמש",יחזקאל הנביא 19,34357-8-6,דירה בבית קומות,5.0,שניה,115.8,2440000,,,2013.0,,4.0,3721300200,1,343578,False,76% ב 9 שנים,בית שמש,יחזקאל הנביא,8.44,34357-8-6,34357/8,21070.81174438688,31.7043411112,34.9840201138,2024
2024-08-02,2024-02-08,"נחל לכיש 16, בית שמש",נחל לכיש 16,34274-10-14,דירה בבית קומות,5.0,קרקע,113.9,3690000,,,1998.0,,4.0,3721324200,1,3427410,False,113% ב 8.7 שנים,בית שמש,נחל לכיש,12.99,34274-10-14,34274/10,32396.839332748023,31.7143985046,34.9912526032,2024
2024-08-01,2024-01-08,"המעפילים 5, בית שמש",המעפילים 5,5210-56-9,דירה בבית קומות,3.0,שניה,46.8,1499000,,,1960.0,,3.0,3721144020,1,521056,False,,בית שמש,המעפילים,,5210-56-9,5210/56,32029.91452991453,31.7511257063,34.9866984583,2024
2024-07-31,2024-07-31,"רויטל 6, בית שמש",רויטל 6,5216-2-23,דירה בבית קומות,3.0,שניה,73.4,1740000,,,1995.0,,2.0,3726111360,1,52162,False,102% ב 9.6 שנים,בית שמש,רויטל,10.62,5216-2-23,5216/2,23705.722070844684,31.7441997373,34.9916302448,2024
2024-07-31,2024-07-31,"לב שמחה 8, בית שמש",לב שמחה 8,5380-26-7,דירה בבית קומות,4.0,שניה,78.8,2550000,,,1992.0,,3.0,3726003660,1,538026,False,91% ב 9.3 שנים,בית שמש,לב שמחה,9.78,5380-26-7,5380/26,32360.40609137056,31.7366574618,34.9954131803,2024
2024-07-30,2024-07-30,"העונות 3, ",העונות 3,34574-9-33,דירה בבית קומות,3.0,רביעית,94.0,2300000,,,2020.0,,8.0,3726234120,1,345749,False,,בית שמש,העונות,,34574-9-33,34574/9,24468.08510638298,31.7029172642,35.0062333917,2024
2024-07-30,2024-07-30,"נריה הנביא 11, בית שמש",נריה הנביא 11,34356-6-105,דירה בבית קומות,3.0,רביעית,77.3,1875000,,,2014.0,,7.0,3726037800,1,343566,False,145% ב 10.3 שנים,בית שמש,נריה הנביא,14.08,34356-6-105,34356/6,24256.14489003881,31.7044601028,34.9783921642,2024
2024-07-30,2024-07-30,"האמוראים 88, ",האמוראים 88,34281-313-17,דירה בבית קומות,3.0,שניה,78.0,2130000,,,2020.0,,5.0,3726176430,1,34281313,False,,בית שמש,האמוראים,,34281-313-17,34281/313,27307.69230769231,31.7002341651,34.9741605215,2024
2024-07-30,2024-07-30,"שמואל הנביא 11, בית שמש",שמואל הנביא 11,34515-31-33,דירה בבית קומות,5.0,"מרתף ‎-1‏, קומה ‎0‏, קומה ‎1‏",142.1,3300000,,,2019.0,,2.0,3726469230,1,3451531,False,94% ב 2.6 שנים,בית שמש,שמואל הנביא,36.15,34515-31-33,34515/31,23223.08233638283,31.7065954222,34.9912564203,2024
2024-07-29,2024-07-29,"האלה 1, ",האלה 1,5899-8-1,דיור מוגן,,,8993.0,67862000,,,,,,3727175610,1,58998,False,,בית שמש,האלה,,5899-8-1,5899/8,7546.091404425664,31.7476061137,34.9771588536,2024
2024-07-29,2024-07-29,"נחל לכיש 7, בית שמש",נחל לכיש 7,34274-17-35,דירה בבית קומות,4.0,שניה,82.35,2050000,,,2000.0,,2.0,3726707370,1,3427417,False,15% ב 2.2 שנים,בית שמש,נחל לכיש,6.82,34274-17-35,34274/17,24893.746205221614,31.714421942,34.9925932314,2024
2024-07-29,2024-07-29,"ריב""ל 14, בית שמש","ריב""ל 14",5940-11-4,דירה בבית קומות,3.0,שניה,93.0,2150000,,,1999.0,,2.0,3726686820,1,594011,False,,בית שמש,"ריב""ל",,5940-11-4,5940/11,23118.279569892475,31.7240713883,34.9923650478,2024
2024-07-29,2024-07-29,"המעפילים 10, בית שמש",המעפילים 10,5210-87-13,דירה בבית קומות,3.0,קומה ‎3‏,54.1,1200000,,,1970.0,,7.0,3726388560,1,521087,False,,בית שמש,המעפילים,,5210-87-13,5210/87,22181.146025878003,31.7507116921,34.9855608055,2024
2024-07-28,2024-07-28,"בן איש חי 75, בית שמש",בן איש חי 75,5934-17-61,דירה בבית קומות,4.0,,79.0,2260000,,,2015.0,,4.0,3726550440,1,593417,False,,בית שמש,בן איש חי,,5934-17-61,5934/17,28607.59493670886,31.7520790932,34.9983910521,2024
2024-07-25,2024-07-25,"רבי ינאי 3, בית שמש",רבי ינאי 3,5231-54-17,דירה בבית קומות,5.0,שלישית,137.0,2640000,,,2014.0,,7.0,3725733210,1,523154,False,,בית שמש,רבי ינאי,,5231-54-17,5231/54,19270.07299270073,31.7363948687,34.9862492317,2024
2024-07-25,2024-07-25,"נהרדעא 5, ",נהרדעא 5,34281-311-14,דירה בבית קומות,4.0,שלישית,111.0,2010000,,,2020.0,,5.0,3725769330,1,34281311,False,,בית שמש,נהרדעא,,34281-311-14,34281/311,18108.108108108107,31.6996638231,34.9746468355,2024
2024-07-25,2024-07-25,"מאיר 1147, בית שמש",מאיר 1147,5211-153-3,דירה בבית קומות,4.0,שניה,79.0,1861000,,,1970.0,2024.0,4.0,3726390000,1,5211153,False,,בית שמש,נתיב מאיר,,5211-153-3,5211/153,23556.96202531645,31.7494499745,34.9821226833,2024
2024-07-25,2024-07-25,"האמוראים 43, ",האמוראים 43,34281-384-45,דירה בבית קומות,5.5,ראשונה,138.0,3150000,,,2020.0,,7.0,3726690990,1,34281384,False,,בית שמש,האמוראים,,34281-384-45,34281/384,22826.08695652174,31.7025491182,34.9672639746,2024
2024-07-24,2024-07-24,"נחל הבשור 10, בית שמש",נחל הבשור 10,34270-33-19,דירה בבית קומות,4.0,שניה,97.35,2600000,,,1999.0,,4.0,3726575130,1,3427033,False,275% ב 20 שנים,בית שמש,נחל הבשור,13.75,34270-33-19,34270/33,26707.755521314844,31.7095171089,34.9996160545,2024
2024-07-23,2024-07-23,"חבקוק הנביא 1, בית שמש",חבקוק הנביא 1,34355-90-5,דירה בבית קומות,5.0,שלישית,102.75,2700000,,,2012.0,,5.0,3725742120,1,3435590,False,130% ב 11.6 שנים,בית שמש,חבקוק הנביא,11.21,34355-90-5,34355/90,26277.37226277372,31.7052235454,34.982878521,2024
2024-07-23,2024-07-23,"ביאליק 42, בית שמש",ביאליק 42,5201-118-2,דירה בבית קומות,5.0,קרקע+ ראשונה+ שניה,147.75,3065000,,,2008.0,,2.0,3726186060,1,5201118,False,,בית שמש,ביאליק,,5201-118-2,5201/118,20744.50084602369,31.7508473923,34.9810624302,2024
2024-07-22,2024-07-22,"נחל ניצנים 8, בית שמש",נחל ניצנים 8,34278-39-30,דירה בבית קומות,4.0,ראשונה,86.1,2120000,,,2002.0,,4.0,3725946810,1,3427839,False,244% ב 19.3 שנים,בית שמש,נחל ניצנים,12.64,34278-39-30,34278/39,24622.531939605116,31.7140804463,34.9878679264,2024
2024-07-22,2024-07-22,"האמוראים 90, ",האמוראים 90,34281-312-19,דירה בבית קומות,5.0,ראשונה,118.0,3150000,,,2020.0,,4.0,3726335580,1,34281312,False,,בית שמש,האמוראים,,34281-312-19,34281/312,26694.915254237287,31.7000891843,34.9744884674,2024
2024-07-22,2024-07-22,"העונות 7, ",העונות 7,34574-11-37,דירה בבית קומות,6.0,שביעית,132.0,5000000,,,2020.0,,8.0,3726314070,1,3457411,False,,בית שמש,העונות,,34574-11-37,34574/11,37878.78787878788,31.7022174347,35.0063147086,2024
2024-07-22,2024-07-22,"קהילת יעקב 11, בית שמש",קהילת יעקב 11,5380-22-5,דירה בבית קומות,6.0,שניה שלישית,133.1,3800000,,,1996.0,,2.0,3726955830,1,538022,False,,בית שמש,קהילת יעקב,,5380-22-5,5380/22,28549.96243425996,31.7374387045,34.9963562014,2024
2024-07-22,2024-07-22,"חברון 4, בית שמש",חברון 4,34279-63-51,דירה בבית קומות,6.0,"שלישית, רביעית, חמישית",163.87,5000000,,,2009.0,,1.0,3726106890,1,3427963,False,156% ב 13.9 שנים,בית שמש,חברון,11.22,34279-63-51,34279/63,30511.99121254653,31.7138627375,34.9818282437,2024
2024-07-21,2024-07-21,"נהר הירדן 9, בית שמש",נהר הירדן 9,5151-19-8,דירה בבית קומות,5.0,שניה,117.0,3500000,,,2003.0,,3.0,3726187320,1,515119,False,,בית שמש,נהר הירדן,,5151-19-8,5151/19,29914.529914529918,31.7352906383,34.9925999329,2024
2024-07-21,2024-07-21,"הלל 6, בית שמש",הלל 6,5942-9-20,דירה בבית קומות,4.0,שניה,94.15,1850000,,,1997.0,,3.0,3725903490,1,59429,False,72% ב 13.5 שנים,בית שמש,הלל,5.33,5942-9-20,5942/9,19649.495485926716,31.7279306697,34.9922018738,2024
2024-07-21,2024-07-21,"בן איש חי 40, בית שמש",בן איש חי 40,5935-19-120,דירה בבית קומות,5.0,קומה ‎3‏,98.61,2950000,,,2009.0,,8.0,3725674050,1,593519,False,,בית שמש,בן איש חי,,5935-19-120,5935/19,29915.83003752155,31.7470632432,35.0009993894,2024
2024-07-18,2024-07-18,"יחזקאל הנביא 12, בית שמש",יחזקאל הנביא 12,34356-10-22,דירה בבית קומות,3.0,קומה ‎5‏,77.16,1915000,,,2012.0,,7.0,3726723180,1,3435610,False,,בית שמש,יחזקאל הנביא,,34356-10-22,34356/10,24818.55883877657,31.7042744352,34.9821998787,2024
2024-07-18,2024-07-18,"נהר הירדן 14, בית שמש",נהר הירדן 14,5151-20-54,דירה בבית קומות,3.0,רביעית,91.0,2100000,,,2003.0,,6.0,3726142320,1,515120,False,,בית שמש,נהר הירדן,,5151-20-54,5151/20,23076.92307692308,31.7354716671,34.9918788666,2024
2024-07-18,2024-07-18,"נהר הירדן 12, בית שמש",נהר הירדן 12,5151-20-55,דירה בבית קומות,4.0,שלישית,96.0,2170000,,,2003.0,,6.0,3726343260,1,515120,False,,בית שמש,נהר הירדן,,5151-20-55,5151/20,22604.166666666668,31.7354716671,34.9918788666,2024
2024-07-18,2024-07-18,"ראובן 14, בית שמש",ראובן 14,5545-8-2,דירה בבית קומות,4.0,רביעית,89.0,2000000,,,1999.0,,,3725931720,1,55458,False,,בית שמש,ראובן,,5545-8-2,5545/8,22471.91011235955,31.7402149031,34.9871515029,2024
2024-07-18,2024-07-18,"האמוראים 15, ",האמוראים 15,34583-41-41,דירה בבית קומות,3.0,קומה ‎6‏,85.15,1950000,,,2020.0,,8.0,3725579760,1,3458341,False,133% ב 6.4 שנים,בית שמש,האמוראים,20.78,34583-41-41,34583/41,22900.763358778622,31.7056596663,34.9717153757,2024
2024-07-18,2024-07-18,"העונות 9, ",העונות 9,34574-12-24,דירה בבית קומות,5.0,שביעית,152.0,4304000,,,2022.0,,5.0,3725496870,1,3457412,False,,בית שמש,העונות,,34574-12-24,34574/12,28315.78947368421,31.7018716598,35.0063516135,2024
2024-07-18,2024-07-18,"נחל דולב 46, בית שמש",נחל דולב 46,34270-22-40,דירה בבית קומות,5.0,חמישית+שישית,116.95,2765000,,,1999.0,,4.0,3725949540,1,3427022,False,76% ב 4.5 שנים,בית שמש,נחל דולב,16.89,34270-22-40,34270/22,23642.58230012826,31.7108824738,34.9975080459,2024
2024-07-17,2024-07-17,"נחל דולב 40, בית שמש",נחל דולב 40,34270-22-1,דירה בבית קומות,7.0,קרקע+ראשונה,150.55,4300000,,,1997.0,,4.0,3725691150,1,3427022,False,148% ב 15.7 שנים,בית שמש,נחל דולב,9.43,34270-22-1,34270/22,28561.939554965127,31.7108824738,34.9975080459,2024
2024-07-17,2024-07-17,"הר המוריה 16, בית שמש",הר המוריה 16,5215-4-23,דירה בבית קומות,4.0,ראשונה,96.7,2170000,,,1990.0,,1.0,3726166500,1,52154,False,90% ב 8.5 שנים,בית שמש,הר המוריה,10.59,5215-4-23,5215/4,22440.537745604965,31.7457649962,34.9972464498,2024
2024-07-17,2024-07-17,"הגליל 9, בית שמש",הגליל 9,5232-13-24,דירה בבית קומות,4.0,שניה,99.6,1820000,,,1995.0,,2.0,3725611440,1,523213,False,,בית שמש,הגליל,,5232-13-24,5232/13,18273.092369477912,31.7460152603,34.9931208025,2024
2024-07-17,2024-07-17,"חבקוק הנביא 33, בית שמש",חבקוק הנביא 33,34355-114-3,דירה בבית קומות,5.0,שניה,175.0,3100000,,,2012.0,,1.0,3726099960,1,34355114,False,,בית שמש,חבקוק הנביא,,34355-114-3,34355/114,17714.285714285714,31.7088768899,34.9809811523,2024
2024-07-17,2024-07-17,"נחל יעלה 6, בית שמש",נחל יעלה 6,34273-21-1,קוטג' חד משפחתי,9.0,ראשונה,435.0,9650000,,,2004.0,,1.0,3726473430,1,3427321,False,,בית שמש,נחל יעלה,,34273-21-1,34273/21,22183.90804597701,31.7161994024,34.9989880186,2024
2024-07-17,2024-07-17,"נריה הנביא 7, בית שמש",נריה הנביא 7,34356-6-64,דירה בבית קומות,3.0,רביעית,74.2,1840000,,,2014.0,,6.0,3726503910,1,343566,False,149% ב 10.2 שנים,בית שמש,נריה הנביא,14.61,34356-6-64,34356/6,24797.843665768192,31.7044601028,34.9783921642,2024
2024-07-15,2024-07-15,"קדושת אהרון 6, בית שמש",קדושת אהרון 6,5151-16-38,דירה בבית קומות,4.0,שלישית,65.0,2000000,,,2009.0,,6.0,3725474340,1,515116,False,,בית שמש,קדושת אהרון,,5151-16-38,5151/16,30769.23076923077,31.7362403255,34.9902486881,2024
2024-07-15,2024-07-15,"חבקוק הנביא 8, בית שמש",חבקוק הנביא 8,34355-93-25,דירה בבית קומות,5.0,"קרקע, ראשונה",134.05,3700000,,,2011.0,,5.0,3726174720,1,3435593,False,27% ב 1.5 שנים,בית שמש,חבקוק הנביא,18.0,34355-93-25,34355/93,27601.641178664675,31.7061438559,34.9837921598,2024
2024-07-14,2024-07-14,"נחל הקישון 54, בית שמש",נחל הקישון 54,34294-63-26,דירה בבית קומות,3.0,קומה ‎2‏,87.9,2240000,,,2018.0,,7.0,3725490630,1,3429463,False,63% ב 4.4 שנים,בית שמש,נחל הקישון,14.32,34294-63-26,34294/63,25483.50398179749,31.7119634956,34.989410816,2024
2024-07-07,2024-07-07,"נריה הנביא 11, בית שמש",נריה הנביא 11,34356-6-98,דירה בבית קומות,5.0,ראשונה,122.6,3150000,,,2014.0,,7.0,3725228070,1,343566,False,151% ב 9.5 שנים,בית שמש,נריה הנביא,15.89,34356-6-98,34356/6,25693.31158238173,31.7044601028,34.9783921642,2024
2024-07-05,2024-05-07,"הרצל 17, בית שמש",הרצל 17,5212-13-2,דירה בבית קומות,4.0,ראשונה,71.0,1750000,,,1950.0,,2.0,3723714330,1,521213,False,,בית שמש,הרצל,,5212-13-2,5212/13,24647.88732394366,31.7491143625,34.9893474527,2024
2024-07-04,2024-04-07,"הרצל 24, בית שמש",הרצל 24,5208-70-18,דירה בבית קומות,3.0,רביעית,44.5,1380000,,,1960.0,,3.0,3722996880,1,520870,False,,בית שמש,הרצל,,5208-70-18,5208/70,31011.23595505618,31.7493031793,34.9912394055,2024
2024-07-04,2024-04-07,"אהבת ישראל 6, בית שמש",אהבת ישראל 6,5240-22-27,דירה בבית קומות,3.0,שביעית,61.6,1520000,,,1980.0,,7.0,3723133680,1,524022,False,42% ב 2.5 שנים,בית שמש,אהבת ישראל,16.8,5240-22-27,5240/22,24675.324675324675,31.7425198304,34.9809722577,2024
2024-07-03,2024-03-07,"השבעה 6, בית שמש",השבעה 6,5213-30-14,דירה בבית קומות,3.0,שלישית,69.8,1430000,,,1970.0,,6.0,3722925840,1,521330,False,30% ב 2.5 שנים,בית שמש,השבעה,12.0,5213-30-14,5213/30,20487.106017191974,31.7490901283,34.9852088941,2024
2024-07-03,2024-03-07,"הרצל 26, בית שמש",הרצל 26,5208-72-16,דירה בבית קומות,4.0,חמישית,89.0,1936000,,,1960.0,2026.0,4.0,3722492400,1,520872,False,,בית שמש,הרצל,,5208-72-16,5208/72,21752.808988764045,31.7494679403,34.9917056493,2024
2024-07-03,2024-03-07,"הרצל 25, בית שמש",הרצל 25,5212-20-3,דירה בבית קומות,3.0,שניה,67.2,1790000,,,1960.0,,2.0,3722899560,1,521220,False,51% ב 2.6 שנים,בית שמש,הרצל,19.62,5212-20-3,5212/20,26636.90476190476,31.7493321147,34.9904700574,2024
2024-07-02,2024-02-07,"בן איש חי 65, בית שמש",בן איש חי 65,5934-19-55,דירה בבית קומות,3.0,שלישית,68.0,1775000,,,2012.0,,7.0,3721728390,1,593419,False,,בית שמש,בן איש חי,,5934-19-55,5934/19,26102.941176470587,31.7509836575,34.9988520653,2024
2024-07-02,2024-02-07,"העלייה 15, בית שמש",העלייה 15,5210-61-10,דירה בבית קומות,3.0,שניה,46.8,1000000,,,1970.0,,3.0,3721378470,1,521061,False,,בית שמש,העליה,,5210-61-10,5210/61,21367.521367521367,31.7514416548,34.9873859572,2024
2024-07-02,2024-02-07,"נריה הנביא 42, בית שמש",נריה הנביא 42,34356-5-3,דירה בבית קומות,6.0,"קרקע, ראשונה",133.25,3300000,,,2013.0,,1.0,3721326690,1,343565,False,180% ב 11.5 שנים,בית שמש,נריה הנביא,15.65,34356-5-3,34356/5,24765.47842401501,31.7027203776,34.9802590448,2024
2024-07-02,2024-02-07,"בן איש חי 58, בית שמש",בן איש חי 58,5934-22-136,דירה בבית קומות,3.0,רביעית,84.0,1830000,,,2011.0,,8.0,3721288590,1,593422,False,,בית שמש,בן איש חי,,5934-22-136,5934/22,21785.714285714286,31.7499127764,35.0004093718,2024
2024-07-02,2024-02-07,"רש""י 11, בית שמש","רש""י 11",5545-5-9,דירה בבית קומות,4.0,שלישית,100.0,1900000,,,1993.0,,4.0,3721350660,1,55455,False,,בית שמש,"רש""י",,5545-5-9,5545/5,19000.0,31.7409102268,34.9884805093,2024
2024-07-01,2024-01-07,"בן איש חי 62, בית שמש",בן איש חי 62,5934-22-138,דירה בבית קומות,4.0,ראשונה,118.0,2500000,,,2011.0,,8.0,3720248310,1,593422,False,,בית שמש,בן איש חי,,5934-22-138,5934/22,21186.4406779661,31.7499127764,35.0004093718,2024
2024-06-30,2024-06-30,"הנרקיס 22, בית שמש",הנרקיס 22,5219-19-22,דירה בבית קומות,3.0,שניה,70.0,1500000,,,1970.0,,4.0,3724910280,1,521919,False,141% ב 12.5 שנים,בית שמש,הנרקיס,11.28,5219-19-22,5219/19,21428.571428571428,31.7368229177,34.9787255705,2024
2024-06-27,2024-06-27,"הארזים 40, בית שמש",הארזים 40,5217-4-3,דירה בבית קומות,5.0,ראשונה,150.0,2870000,,,1992.0,,1.0,3725321850,1,52174,False,,בית שמש,הארזים,,5217-4-3,5217/4,19133.33333333333,31.7455021879,34.9755188208,2024
2024-06-27,2024-06-27,"נחל רמות 5, בית שמש",נחל רמות 5,34271-31-35,דירה בבית קומות,4.0,רביעית,108.65,2300000,,,2000.0,,5.0,3724835730,1,3427131,False,63% ב 9.1 שנים,בית שמש,נחל רמות,6.92,34271-31-35,34271/31,21168.89093419236,31.7110749321,34.993599117,2024
2024-06-27,2024-06-27,"הנרקיס 34, בית שמש",הנרקיס 34,5219-21-15,דירה בבית קומות,3.0,שלישית,78.0,1580000,,,1970.0,,3.0,3725586180,1,521921,False,79% ב 5.2 שנים,בית שמש,הנרקיס,15.19,5219-21-15,5219/21,20256.410256410258,31.7366261628,34.9792956462,2024
2024-06-27,2024-06-27,"העונות 27, ",העונות 27,34575-83-38,דירה בבית קומות,3.0,חמישית,90.0,1900000,,,2020.0,,6.0,3726003900,1,3457583,False,,בית שמש,העונות,,34575-83-38,34575/83,21111.11111111111,31.6985497702,35.0064733032,2024
2024-06-27,2024-06-27,"רש""י 5, בית שמש","רש""י 5",5546-2-7,דירה בבית קומות,5.5,שניה,104.0,2155000,,,1994.0,,2.0,3724965690,1,55462,False,,בית שמש,"רש""י",,5546-2-7,5546/2,20721.153846153848,31.7407147708,34.9899752442,2024
2024-06-26,2024-06-26,"עליית הנוער 3, בית שמש",עליית הנוער 3,5232-5-29,דירה בבית קומות,4.0,ראשונה,86.0,1870000,,,1980.0,,3.0,3725130540,1,52325,False,149% ב 15 שנים,בית שמש,עלית הנוער,9.93,5232-5-29,5232/5,21744.18604651163,31.745742622,34.9924289646,2024
2024-06-26,2024-06-26,"נחל מאור 10, בית שמש",נחל מאור 10,34270-35-20,דירה בבית קומות,5.0,רביעית,104.2,2550000,,,2001.0,,5.0,3724933290,1,3427035,False,94% ב 11 שנים,בית שמש,נחל מאור,8.55,34270-35-20,34270/35,24472.168905950097,31.7089013974,35.0001126462,2024
2024-06-26,2024-06-26,"רבן יוחנן בן-זכאי 3, בית שמש",רבן יוחנן בן-זכאי 3,5940-15-11,דירה בבית קומות,4.0,ראשונה,94.0,2000000,,,2000.0,,3.0,3724811250,1,594015,False,,בית שמש,רבן יוחנן בן זכאי,,5940-15-11,5940/15,21276.59574468085,31.7225021493,34.9929061759,2024
2024-06-25,2024-06-25,"נחל מאור 10, בית שמש",נחל מאור 10,34270-35-3,דירה בבית קומות,5.0,ראשונה,103.9,2600000,,,2001.0,,5.0,3724856340,1,3427035,False,77% ב 12.3 שנים,בית שמש,נחל מאור,6.26,34270-35-3,34270/35,25024.061597690084,31.7089013974,35.0001126462,2024
2024-06-25,2024-06-25,"העונות 9, ",העונות 9,34574-12-26,דירה בבית קומות,5.0,שלישית,120.0,2950000,,,2022.0,,5.0,3725154840,1,3457412,False,,בית שמש,העונות,,34574-12-26,34574/12,24583.33333333333,31.7018716598,35.0063516135,2024
2024-06-24,2024-06-24,"רבי טרפון 10, בית שמש",רבי טרפון 10,5941-6-7,דירה בבית קומות,5.0,שלישית,127.0,3100000,,,2000.0,,4.0,3725635200,1,59416,False,,בית שמש,רבי טרפון,,5941-6-7,5941/6,24409.44881889764,31.7248993271,34.9960298218,2024
2024-06-24,2024-06-24,"שמואל הנביא 11, בית שמש",שמואל הנביא 11,34515-31-3,דירה בבית קומות,4.0,"מרתף ‎-1‏, קומה ‎0‏, קומה ‎1‏",115.8,2630000,,,2019.0,,2.0,3725120670,1,3451531,False,,בית שמש,שמואל הנביא,,34515-31-3,34515/31,22711.57167530225,31.7065954222,34.9912564203,2024
2024-06-23,2024-06-23,"נחל מיכה 3, בית שמש",נחל מיכה 3,34276-15-8,דירה בבית קומות,5.0,שלישית,96.0,2325000,,,2000.0,,5.0,3724686270,1,3427615,False,,בית שמש,נחל מיכה,,34276-15-8,34276/15,24218.75,31.7165155203,34.9922355268,2024
2024-06-20,2024-06-20,"נחל צאלים 1, בית שמש",נחל צאלים 1,34294-62-49,דירה בבית קומות,3.0,קומה ‎2‏,68.9,2150000,,,2017.0,,7.0,3725679270,1,3429462,False,61% ב 6.2 שנים,בית שמש,נחל צאלים,9.84,34294-62-49,34294/62,31204.64441219158,31.7121730599,34.9883530771,2024
2024-06-20,2024-06-20,"נהר הירדן 50, בית שמש",נהר הירדן 50,5942-19-23,דירה בבית קומות,5.0,ראשונה,90.6,3000000,,,1999.0,,4.0,3724876830,1,594219,False,,בית שמש,נהר הירדן,,5942-19-23,5942/19,33112.58278145696,31.7270786944,34.9938131191,2024
2024-06-20,2024-06-20,"האמוראים 43, ",האמוראים 43,34281-384-44,דירה בבית קומות,5.5,שביעית,137.0,3150000,,,2020.0,,7.0,3725478810,1,34281384,False,,בית שמש,האמוראים,,34281-384-44,34281/384,22992.700729927008,31.7025491182,34.9672639746,2024
2024-06-20,2024-06-20,"נהרדעא 13, ",נהרדעא 13,34281-318-155,דירה בבית קומות,3.0,קומה ‎4‏,91.3,2030000,,,2021.0,,12.0,3724782810,1,34281318,False,,בית שמש,האמוראים,,34281-318-155,34281/318,22234.392113910188,31.7007317175,34.9729655521,2024
2024-06-20,2024-06-20,"יונה בן-אמיתי 13, בית שמש",יונה בן-אמיתי 13,34357-10-51,דירה בבית קומות,4.0,ראשונה,87.3,2570000,,,2010.0,,5.0,3724883790,1,3435710,False,174% ב 13.5 שנים,בית שמש,יונה בן אמיתי,12.89,34357-10-51,34357/10,29438.71706758305,31.7055638357,34.9865884159,2024
2024-06-19,2024-06-19,"אלברט מנדלר 1, בית שמש",אלברט מנדלר 1,5239-12-1,דירה בבית קומות,4.0,קרקע,78.0,2450000,,,1991.0,,4.0,3724683780,1,523912,False,206% ב 15.9 שנים,בית שמש,מנדלר אלברט,12.96,5239-12-1,5239/12,31410.25641025641,31.7422880249,34.9883006703,2024
2024-06-19,2024-06-19,"נהרדעא 13, ",נהרדעא 13,34281-318-140,דירה בבית קומות,5.0,קומה ‎0‏,153.25,2800000,,,2021.0,,12.0,3725204790,1,34281318,False,,בית שמש,האמוראים,,34281-318-140,34281/318,18270.799347471453,31.7007317175,34.9729655521,2024
2024-06-19,2024-06-19,"מצפה הרש""פ 4, בית שמש","מצפה הרש""פ 4",5152-17-15,דירה בבית קומות,5.0,חמישית,140.0,3100000,,,2003.0,,5.0,3724908570,1,515217,False,,בית שמש,"מצפה הרש""פ",,5152-17-15,5152/17,22142.85714285714,31.7300239413,34.9936989793,2024
2024-06-18,2024-06-18,"רמב""ם 49, בית שמש","רמב""ם 49",5207-4-3,דירה בבית קומות,4.0,שניה,63.0,444000,,,1950.0,,2.0,3724663230,1,52074,False,,בית שמש,"רמב""ם",,5207-4-3,5207/4,7047.619047619048,31.7510766064,34.995381945,2024
2024-06-18,2024-06-18,"דן לנר 3, בית שמש",דן לנר 3,5239-28-26,דירה בבית קומות,4.0,ראשונה,80.3,2150000,,,1991.0,,2.0,3724681050,1,523928,False,152% ב 12.6 שנים,בית שמש,לנר דן,12.06,5239-28-26,5239/28,26774.595267745957,31.7422527403,34.9913025816,2024
2024-06-18,2024-06-18,"נחל עין גדי 36, בית שמש",נחל עין גדי 36,34279-71-47,דירה בבית קומות,3.0,רביעית,70.55,2200000,,,2020.0,,7.0,3724981770,1,3427971,False,42% ב 2.6 שנים,בית שמש,נחל עין גדי,16.15,34279-71-47,34279/71,31183.55776045358,31.7138537266,34.9835697293,2024
2024-06-17,2024-06-17,"משה רבנו 5, בית שמש",משה רבנו 5,34356-23-73,דירה בבית קומות,4.0,שלישית,92.8,2070000,,,2015.0,,8.0,3724967160,1,3435623,False,,בית שמש,משה רבנו,,34356-23-73,34356/23,22306.03448275862,31.7037621563,34.9824594625,2024
2024-06-17,2024-06-17,"הנרקיס 22, בית שמש",הנרקיס 22,5219-19-21,דירה בבית קומות,2.0,שניה,54.0,1365000,,,1970.0,,4.0,3724509810,1,521919,False,,בית שמש,הנרקיס,,5219-19-21,5219/19,25277.777777777777,31.7368229177,34.9787255705,2024
2024-06-16,2024-06-16,"קרן היסוד 11, בית שמש",קרן היסוד 11,5208-158-19,דירה בבית קומות,3.0,חמישית,54.0,1373000,,,1960.0,,6.0,3724482060,1,5208158,False,96% ב 9.5 שנים,בית שמש,קרן היסוד,10.11,5208-158-19,5208/158,25425.925925925927,31.7499960719,34.9915614452,2024
2024-06-16,2024-06-16,"ביאליק 9, בית שמש",ביאליק 9,5210-10-4,דירה בבית קומות,3.0,ראשונה,54.7,1460000,,,1960.0,,4.0,3724454850,1,521010,False,224% ב 14.4 שנים,בית שמש,ביאליק,15.56,5210-10-4,5210/10,26691.04204753199,31.7522229715,34.9843446212,2024
2024-06-16,2024-06-16,"משה רבנו 4, בית שמש",משה רבנו 4,34356-11-9,דירה בבית קומות,3.0,שניה,71.0,1870000,,,2014.0,,3.0,3724442430,1,3435611,False,41% ב 3.7 שנים,בית שמש,משה רבנו,11.08,34356-11-9,34356/11,26338.028169014084,31.7040988711,34.9834859712,2024
2024-06-13,2024-06-13,"בן איש חי 61, בית שמש",בן איש חי 61,5934-19-59,דירה בבית קומות,4.0,,,1880000,,,2012.0,,7.0,3724502610,1,593419,False,,בית שמש,בן איש חי,,5934-19-59,5934/19,,31.7509836575,34.9988520653,2024
2024-06-13,2024-06-13,"העונות 6, ",העונות 6,34574-85-86,דירה בבית קומות,3.0,קומה ‎6‏,89.3,2260000,,,2019.0,,11.0,3724686510,1,3457485,False,,בית שמש,העונות,,34574-85-86,34574/85,25307.95072788354,31.7030922875,35.00511335,2024
2024-06-13,2024-06-13,"התבור 2, בית שמש",התבור 2,5232-25-4,דירה בבית קומות,4.0,קרקע + ראשונה,86.1,2385000,,,1995.0,,3.0,3724861740,1,523225,False,,בית שמש,התבור,,5232-25-4,5232/25,27700.34843205575,31.7471058585,34.9944540838,2024
2024-06-13,2024-06-13,"בן איש חי 61, בית שמש",בן איש חי 61,5934-19-58,דירה בבית קומות,3.0,ראשונה,68.0,1860000,,,2012.0,,7.0,3724503090,1,593419,False,,בית שמש,בן איש חי,,5934-19-58,5934/19,27352.941176470587,31.7509836575,34.9988520653,2024
2024-06-08,2024-08-06,"ביאליק 7, בית שמש",ביאליק 7,5210-16-13,דירה בבית קומות,3.0,שניה,45.4,1420000,,,1960.0,,3.0,3726277890,1,521016,False,77% ב 7.8 שנים,בית שמש,ביאליק,9.87,5210-16-13,5210/16,31277.533039647577,31.7519707364,34.9846590266,2024
2024-06-06,2024-06-06,"מרים הנביאה 6, בית שמש",מרים הנביאה 6,34518-10-14,דירה בבית קומות,4.0,קומה ‎4‏,82.7,2130000,,,2015.0,,8.0,3724471890,1,3451810,False,,בית שמש,מרים הנביאה,,34518-10-14,34518/10,25755.743651753324,31.7037243623,34.9931523012,2024
2024-06-06,2024-06-06,"נחל לכיש 31, בית שמש",נחל לכיש 31,34274-14-4,דירה בבית קומות,4.0,שלישית,98.25,2080000,,,2000.0,,3.0,3724330590,1,3427414,False,234% ב 22.7 שנים,בית שמש,נחל לכיש,10.31,34274-14-4,34274/14,21170.4834605598,31.7134552787,34.9936212506,2024
2024-06-06,2024-06-06,"נחל לכיש 9, בית שמש",נחל לכיש 9,34274-17-46,דירה בבית קומות,4.0,שניה,81.25,2350000,,,2002.0,,7.0,3724969650,1,3427417,False,117% ב 13.7 שנים,בית שמש,נחל לכיש,8.54,34274-17-46,34274/17,28923.07692307692,31.714421942,34.9925932314,2024
2024-06-05,2024-05-06,"תלמוד בבלי 13, ",תלמוד בבלי 13,34281-332-8,דירה בבית קומות,4.0,קומה ‎2‏,106.0,2150000,,,2020.0,,6.0,3723512580,1,34281332,False,,בית שמש,תלמוד בבלי,,34281-332-8,34281/332,20283.01886792453,31.6996748166,34.970649915,2024
2024-06-05,2024-05-06,"העלייה 3, בית שמש",העלייה 3,5203-10-21,דירה בבית קומות,5.0,קומה ‎8‏,137.89,2900000,,,2017.0,,15.0,3723487560,1,520310,False,54% ב 4.7 שנים,בית שמש,העליה,11.49,5203-10-21,5203/10,21031.256798897677,31.7557246239,34.9873893367,2024
2024-06-05,2024-05-06,"דובר שלום 9, בית שמש",דובר שלום 9,5151-16-37,דירה בבית קומות,3.0,שלישית,70.0,1800000,,,2009.0,,6.0,3724181610,1,515116,False,,בית שמש,דובר שלום,,5151-16-37,5151/16,25714.285714285717,31.7362403255,34.9902486881,2024
2024-06-03,2024-03-06,"בן איש חי 44, בית שמש",בן איש חי 44,5934-23-13,דירה בבית קומות,3.0,רביעית,69.1,1950000,,,2011.0,,7.0,3722192970,1,593423,False,,בית שמש,בן איש חי,,5934-23-13,5934/23,28219.971056439943,31.7487297846,35.0012854667,2024
2024-06-02,2024-02-06,"המעפילים 12, בית שמש",המעפילים 12,5210-35-8,דירה בבית קומות,3.0,שניה,40.7,234000,,,1960.0,,2.0,3721532610,1,521035,False,,בית שמש,המעפילים,,5210-35-8,5210/35,5749.385749385749,31.7506296772,34.9851466366,2024
2024-06-02,2024-02-06,"נהר הירדן 8, בית שמש",נהר הירדן 8,5151-20-52,דירה בבית קומות,3.0,שניה,72.0,1850000,,,2003.0,,6.0,3721533870,1,515120,False,,בית שמש,נהר הירדן,,5151-20-52,5151/20,25694.444444444445,31.7354716671,34.9918788666,2024
2024-06-02,2024-02-06,"קדושת אהרון 6, בית שמש",קדושת אהרון 6,5151-16-36,דירה בבית קומות,4.0,חמישית,101.0,1845000,,,2009.0,,6.0,3721723680,1,515116,False,,בית שמש,קדושת אהרון,,5151-16-36,5151/16,18267.326732673268,31.7362403255,34.9902486881,2024
2024-05-30,2024-05-30,"האמוראים 47, ",האמוראים 47,34281-385-22,דירה בבית קומות,4.0,חמישית,92.0,2100000,,,2020.0,,6.0,3724767720,1,34281385,False,,בית שמש,האמוראים,,34281-385-22,34281/385,22826.08695652174,31.702404222,34.9678182346,2024
2024-05-30,2024-05-30,"מרים הנביאה 20, בית שמש",מרים הנביאה 20,34517-23-5,דירה בבית קומות,4.0,,91.0,2135000,,,2020.0,,5.0,3724249680,1,3451723,False,,בית שמש,מרים הנביאה,,34517-23-5,34517/23,23461.53846153846,31.7007523169,34.9942674283,2024
2024-05-29,2024-05-29,"מרים הנביאה 7, בית שמש",מרים הנביאה 7,34518-25-56,דירה בבית קומות,4.0,שניה,85.5,2340000,,,2018.0,,5.0,3724258830,1,3451825,False,,בית שמש,מרים הנביאה,,34518-25-56,34518/25,27368.42105263158,31.7031910727,34.9935081098,2024
2024-05-28,2024-05-28,"בן-עזאי 22, בית שמש",בן-עזאי 22,5943-43-28,דירה בבית קומות,3.0,ראשונה,90.5,1080000,,,1997.0,,4.0,3724384290,1,594343,False,,בית שמש,בן עזאי,,5943-43-28,5943/43,11933.701657458563,31.7369000742,34.9976470399,2024
2024-05-27,2024-05-27,"יחזקאל הנביא 61, בית שמש",יחזקאל הנביא 61,34357-7-19,דירה בבית קומות,3.0,ראשונה,82.0,1850000,,,2014.0,,3.0,3724162530,1,343577,False,,בית שמש,יחזקאל הנביא,,34357-7-19,34357/7,22560.975609756097,31.7015663455,34.9876453481,2024
2024-05-23,2024-05-23,"נהרדעא 12, ",נהרדעא 12,34281-341-3,דירה בבית קומות,4.0,ראשונה,100.0,6400000,,,2023.0,,1.0,3724643700,1,34281341,False,,בית שמש,נהרדעא,,34281-341-3,34281/341,64000.0,31.6999692074,34.9726184431,2024
2024-05-23,2024-05-23,"נחל מיכה 7, בית שמש",נחל מיכה 7,34276-15-35,דירה בבית קומות,3.0,חמישית,76.5,2085000,,,2002.0,,5.0,3723985590,1,3427615,False,,בית שמש,נחל מיכה,,34276-15-35,34276/15,27254.901960784315,31.7165155203,34.9922355268,2024
2024-05-23,2024-05-23,"נחל אורייה 10, בית שמש",נחל אורייה 10,34276-9-12,דירה בבית קומות,4.0,ראשונה + שניה,114.3,2500000,,,2001.0,,3.0,3724667190,1,342769,False,138% ב 14.8 שנים,בית שמש,נחל אוריה,9.32,34276-9-12,34276/9,21872.26596675416,31.7176123977,34.991925215,2024
2024-05-22,2024-05-22,"נחל רביבים 16, בית שמש",נחל רביבים 16,34271-31-2,דירה בבית קומות,4.0,ראשונה,81.45,2900000,,,2000.0,,5.0,3723976920,1,3427131,False,,בית שמש,נחל רביבים,,34271-31-2,34271/31,35604.66543891958,31.7110749321,34.993599117,2024
2024-05-22,2024-05-22,"נחל שחם 27, בית שמש",נחל שחם 27,34357-14-30,דירה בבית קומות,6.0,קומה ‎4‏,154.05,3400000,,,2014.0,,5.0,3723993990,1,3435714,False,115% ב 11.5 שנים,בית שמש,נחל שחם,10.0,34357-14-30,34357/14,22070.75624797144,31.7038199995,34.9864927498,2024
2024-05-22,2024-05-22,"דן לנר 3, בית שמש",דן לנר 3,5239-28-25,דירה בבית קומות,4.0,ראשונה,80.6,2600000,,,1991.0,,2.0,3723953940,1,523928,False,,בית שמש,לנר דן,,5239-28-25,5239/28,32258.064516129038,31.7422527403,34.9913025816,2024
2024-05-22,2024-05-22,"הנרקיס 18, בית שמש",הנרקיס 18,5219-16-14,דירה בבית קומות,3.0,שניה,67.0,1500000,,,1960.0,,3.0,3723973200,1,521916,False,68% ב 3 שנים,בית שמש,הנרקיס,22.67,5219-16-14,5219/16,22388.059701492537,31.7370458269,34.9776925023,2024
2024-05-20,2024-05-20,"הרב מרדכי צמח אליהו 9, בית שמש",הרב מרדכי צמח אליהו 9,80030-31-8,דירה בבית קומות,5.0,שניה,116.5,3100000,,,2014.0,,5.0,3724587810,1,8003031,False,,בית שמש,הרב מרדכי צמח אליהו,,80030-31-8,80030/31,26609.44206008584,31.709817574,35.0030649073,2024
2024-05-20,2024-05-20,,,34355-125-3,קרקע למגורים,,,263.0,3000000,,,,,,3723949710,2,34355125,False,,בית שמש,חבקוק הנביא,,34355-125-3,34355/125,11406.84410646388,31.7089691195,34.9817834279,2024
2024-05-20,2024-05-20,"נהרדעא 18, ",נהרדעא 18,34281-334-20,דירה בבית קומות,3.0,קומה ‎5‏,77.0,2050000,,,2019.0,,6.0,3724020720,1,34281334,False,,בית שמש,נהרדעא,,34281-334-20,34281/334,26623.376623376626,31.7004125537,34.9709395169,2024
2024-05-19,2024-05-19,"ירמיהו הנביא 6, בית שמש",ירמיהו הנביא 6,34356-7-27,דירה בבית קומות,4.0,שישית,72.6,1950000,,,1970.0,,6.0,3724608060,1,343567,False,,בית שמש,ירמיהו הנביא,,34356-7-27,34356/7,26859.504132231406,31.700968317,34.9826763053,2024
2024-05-19,2024-05-19,"נחל מיכה 9, בית שמש",נחל מיכה 9,34276-14-3,דירה בבית קומות,5.0,שניה,112.6,4200000,,,2000.0,,5.0,3723958620,1,3427614,False,147% ב 10 שנים,בית שמש,נחל מיכה,14.7,34276-14-3,34276/14,37300.17761989343,31.7174479151,34.9923057748,2024
2024-05-17,2024-05-17,"אור שמח 10, בית שמש",אור שמח 10,5380-1-23,דירה בבית קומות,5.0,שלישית ורביעית,140.9,3900000,,,1950.0,,3.0,3724502850,1,53801,False,,בית שמש,אור שמח,,5380-1-23,5380/1,27679.205110007097,31.7385428194,34.9943605627,2024
2024-05-15,2024-05-15,"רבי יוסי בן-קיסמא 13, בית שמש",רבי יוסי בן-קיסמא 13,5943-45-37,משרד,,מרתף,67.6,112000,,,2000.0,,4.0,3724239540,1,594345,False,,בית שמש,רבי יוסי בן קיסמא,,5943-45-37,5943/45,1656.8047337278108,31.7357035791,34.9978739037,2024
2024-05-15,2024-05-15,"ריב""ל 6, בית שמש","ריב""ל 6",5941-9-5,דירה בבית קומות,3.0,שניה,69.8,1730000,,,1999.0,,3.0,3723927930,1,59419,False,,בית שמש,"ריב""ל",,5941-9-5,5941/9,24785.100286532957,31.7246716234,34.9939035651,2024
2024-05-15,2024-05-15,"נהרדעא 20, ",נהרדעא 20,34281-336-21,דירה בבית קומות,5.0,קומה ‎0‏,128.0,3300000,,,2019.0,,6.0,3724269480,1,34281336,False,103% ב 5.3 שנים,בית שמש,נהרדעא,19.43,34281-336-21,34281/336,25781.25,31.7004870872,34.9705692011,2024
2024-05-07,2024-07-05,"בן איש חי 58, בית שמש",בן איש חי 58,5934-22-137,קרקע למגורים,,,165.0,230000,,,0.0,,8.0,3725927490,1,593422,False,,בית שמש,בן איש חי,,5934-22-137,5934/22,1393.939393939394,31.7499127764,35.0004093718,2024
2024-05-06,2024-06-05,"נחמיה 10, בית שמש",נחמיה 10,34355-68-1,דירה בבית קומות,4.0,שלישית,89.0,2260000,,,2000.0,,,3724294200,1,3435568,False,,בית שמש,נחמיה,,34355-68-1,34355/68,25393.25842696629,31.7068668272,34.9816773995,2024
2024-05-06,2024-06-05,"בן-אליעזר 2, בית שמש",בן-אליעזר 2,5240-52-13,דירה בבית קומות,3.0,שלישית,64.8,1590000,,,1980.0,,7.0,3724448130,1,524052,False,55% ב 4.9 שנים,בית שמש,בן אליעזר,11.22,5240-52-13,5240/52,24537.03703703704,31.741865293,34.9837844478,2024
2024-05-05,2024-05-05,"חיד""א 1, בית שמש","חיד""א 1",5934-21-72,דירה בבית קומות,3.0,שלישית,82.0,1800000,,,2009.0,,5.0,3723492030,1,593421,False,,בית שמש,"חיד""א",,5934-21-72,5934/21,21951.219512195123,31.749617221,34.9998631122,2024
2024-05-05,2024-05-05,"בן-אליעזר 10, בית שמש",בן-אליעזר 10,5240-48-9,דירה בבית קומות,3.0,שניה,63.4,1550000,,,1980.0,,7.0,3723490320,1,524048,False,48% ב 6.4 שנים,בית שמש,בן אליעזר,7.5,5240-48-9,5240/48,24447.94952681388,31.7415139705,34.9818586428,2024
2024-05-05,2024-05-05,"הרצל 26, בית שמש",הרצל 26,5208-72-15,דירה בבית קומות,4.0,רביעית,89.0,1936000,,,1960.0,2026.0,4.0,3723468030,1,520872,False,,בית שמש,הרצל,,5208-72-15,5208/72,21752.808988764045,31.7494679403,34.9917056493,2024
2024-05-03,2024-03-05,"רבי ינאי 1, בית שמש",רבי ינאי 1,5231-54-16,דירה בבית קומות,5.0,שלישית,115.0,2500000,,,2014.0,,7.0,3722005590,1,523154,False,,בית שמש,רבי ינאי,,5231-54-16,5231/54,21739.130434782608,31.7363948687,34.9862492317,2024
2024-05-03,2024-03-05,"נהר הירדן 21, בית שמש",נהר הירדן 21,5152-20-12,דירה בבית קומות,4.0,ראשונה,103.0,2100000,,,2002.0,,5.0,3725392650,1,515220,False,,בית שמש,נהר הירדן,,5152-20-12,5152/20,20388.349514563102,31.7315562184,34.9942897978,2024
2024-05-03,2024-03-05,"נהר הירדן 122, בית שמש",נהר הירדן 122,34270-24-22,דירה בבית קומות,5.0,חמישית,127.9,3700000,,,2001.0,,6.0,3722091510,1,3427024,False,94% ב 11.1 שנים,בית שמש,נהר הירדן,8.47,34270-24-22,34270/24,28928.850664581703,31.7084876326,35.0014811135,2024
2024-05-03,2024-03-05,"נחל לכיש 30, בית שמש",נחל לכיש 30,34274-12-10,דירה בבית קומות,3.0,שלישית,68.7,2128000,,,2000.0,,5.0,3722582730,1,3427412,False,57% ב 4.8 שנים,בית שמש,נחל לכיש,11.88,34274-12-10,34274/12,30975.254730713244,31.7126928699,34.9922207417,2024
2024-05-02,2024-02-05,"בן איש חי 61, בית שמש",בן איש חי 61,5934-19-54,דירה בבית קומות,3.0,שניה,72.0,1820000,,,2012.0,,7.0,3721533330,1,593419,False,,בית שמש,בן איש חי,,5934-19-54,5934/19,25277.777777777777,31.7509836575,34.9988520653,2024
2024-05-02,2024-02-05,"נחל רפאים 12, בית שמש",נחל רפאים 12,34270-20-10,דירה בבית קומות,7.0,קרקע +ראשונה,134.2,5810000,,,1999.0,,2.0,3721762080,1,3427020,False,,בית שמש,נחל רפאים,,34270-20-10,34270/20,43293.59165424739,31.7103745684,35.0003525682,2024
2024-05-02,2024-02-05,"העלייה 7, בית שמש",העלייה 7,5203-10-165,מחסנים,5.0,קומה ‎9‏,122.35,56000,,,2012.0,,15.0,3721257660,1,520310,False,,בית שמש,העליה,,5203-10-165,5203/10,457.7033101757254,31.7557246239,34.9873893367,2024
2024-05-02,2024-02-05,"אהבת ישראל 2, בית שמש",אהבת ישראל 2,5240-23-14,דירה בבית קומות,3.0,רביעית,61.6,1500000,,,1981.0,,7.0,3721185120,1,524023,False,,בית שמש,אהבת ישראל,,5240-23-14,5240/23,24350.64935064935,31.7418469333,34.981142847,2024
2024-05-02,2024-02-05,"הנרקיס 24, בית שמש",הנרקיס 24,5219-20-20,דירה בבית קומות,3.0,רביעית,70.0,1470000,,,1970.0,,4.0,3721474920,1,521920,False,60% ב 2.6 שנים,בית שמש,הנרקיס,23.08,5219-20-20,5219/20,21000.0,31.7369338571,34.9794532765,2024
2024-05-02,2024-02-05,"הגליל 8, בית שמש",הגליל 8,5232-3-41,דירה בבית קומות,6.0,שניה+שלישית,142.0,2485000,,,1995.0,,4.0,3721185360,1,52323,False,53% ב 5.9 שנים,בית שמש,הגליל,8.98,5232-3-41,5232/3,17500.0,31.7470632424,34.9921683282,2024
2024-04-30,2024-04-30,"נחל מטע 12, בית שמש",נחל מטע 12,34272-10-14,דירה בבית קומות,4.0,שניה,64.8,2265000,,,1996.0,,1.0,3723788070,1,3427210,False,138% ב 13.5 שנים,בית שמש,נחל מטע,10.22,34272-10-14,34272/10,34953.70370370371,31.7118183859,34.9983871786,2024
2024-04-18,2024-04-18,"מרים הנביאה 7, בית שמש",מרים הנביאה 7,34518-25-18,דירה בבית קומות,4.0,קרקע,81.95,2460000,,,2018.0,,5.0,3723699960,1,3451825,False,77% ב 7.7 שנים,בית שמש,מרים הנביאה,10.0,34518-25-18,34518/25,30018.3038438072,31.7031910727,34.9935081098,2024
2024-04-18,2024-04-18,"יצחק רבין 2, בית שמש",יצחק רבין 2,5208-79-12,חנות,,ראשונה,,550000,,,1970.0,,1.0,3723886560,1,520879,False,,בית שמש,רבין יצחק,,5208-79-12,5208/79,,31.7486008074,34.9943103971,2024
2024-04-17,2024-04-17,"נחל הקישון 54, בית שמש",נחל הקישון 54,34294-63-43,דירה בבית קומות,4.0,קומה ‎7‏,114.3,2975000,,,2018.0,,7.0,3723382680,1,3429463,False,,בית שמש,נחל הקישון,,34294-63-43,34294/63,26027.996500437446,31.7119634956,34.989410816,2024
2024-04-17,2024-04-17,"נחל ניצנים 8, בית שמש",נחל ניצנים 8,34278-39-25,דירה בבית קומות,3.0,שניה,72.5,1810000,,,2002.0,,4.0,3723194790,1,3427839,False,,בית שמש,נחל ניצנים,,34278-39-25,34278/39,24965.51724137931,31.7140804463,34.9878679264,2024
2024-04-17,2024-04-17,"דוד רזיאל 7, בית שמש",דוד רזיאל 7,5240-18-15,דירה בבית קומות,3.0,שניה,61.0,1550000,,,1980.0,,4.0,3723284130,1,524018,False,,בית שמש,רזיאל דוד,,5240-18-15,5240/18,25409.83606557377,31.7430230839,34.9822025361,2024
2024-04-17,2024-04-17,"ארלוזורוב 7, בית שמש",ארלוזורוב 7,5209-27-2,דירה בבית קומות,4.0,ראשונה,120.0,2495000,,,1960.0,,1.0,3723339870,1,520927,False,275% ב 19.9 שנים,בית שמש,ארלוזורוב,13.82,5209-27-2,5209/27,20791.666666666668,31.7526177829,34.9881518838,2024
2024-04-17,2024-04-17,"משה רבנו 9, בית שמש",משה רבנו 9,34356-23-29,דירה בבית קומות,5.0,שלישית,118.3,2600000,,,2016.0,,8.0,3723818250,1,3435623,False,,בית שמש,משה רבנו,,34356-23-29,34356/23,21978.021978021978,31.7037621563,34.9824594625,2024
2024-04-16,2024-04-16,"נחל דולב 36, בית שמש",נחל דולב 36,34270-29-21,דירה בבית קומות,4.0,שלישית,97.3,2625000,,,1998.0,,5.0,3723760560,1,3427029,False,,בית שמש,נחל דולב,,34270-29-21,34270/29,26978.41726618705,31.71231869,34.9975948611,2024
2024-04-16,2024-04-16,"הנרקיס 8, בית שמש",הנרקיס 8,5219-8-15,דירה בבית קומות,4.0,שלישית,78.0,1535000,,,1970.0,,3.0,3723161640,1,52198,False,86% ב 3.9 שנים,בית שמש,הנרקיס,22.05,5219-8-15,5219/8,19679.48717948718,31.7388755424,34.9757124662,2024
2024-04-16,2024-04-16,"רפאל אלנקווה 15, בית שמש",רפאל אלנקווה 15,5213-115-15,דירה בבית קומות,4.0,רביעית,79.6,1420000,,,1970.0,,4.0,3723143370,1,5213115,False,,בית שמש,אלנקוה רפאל,,5213-115-15,5213/115,17839.195979899498,31.7473712189,34.9867690591,2024
2024-04-16,2024-04-16,"מעשי חייא 7, בית שמש",מעשי חייא 7,5379-10-4,דירה בבית קומות,6.0,ראשונה שניה,142.0,2670000,,,1994.0,,1.0,3723796230,1,537910,False,1% ב 1.2 שנים,בית שמש,מעשי חייא,0.83,5379-10-4,5379/10,18802.81690140845,31.7416936609,34.9930112336,2024
2024-04-16,2024-04-16,"יונה בן-אמיתי 3, בית שמש",יונה בן-אמיתי 3,34357-9-11,דירה בבית קומות,3.0,ראשונה,72.1,1870000,,,2015.0,,3.0,3724014300,1,343579,False,0% ב 1.5 שנים,בית שמש,יונה בן אמיתי,0.0,34357-9-11,34357/9,25936.199722607493,31.7042891109,34.9856701117,2024
2024-04-16,2024-04-16,"רבי יוסי בן-קיסמא 21, בית שמש",רבי יוסי בן-קיסמא 21,5943-3-53,דירה בבית קומות,3.0,שלישית,76.0,1930000,,,2003.0,,5.0,3723380190,1,59433,False,,בית שמש,רבי יוסי בן קיסמא,,5943-3-53,5943/3,25394.736842105263,31.7363074993,34.9967412391,2024
2024-04-16,2024-04-16,"השלושה 2, ",השלושה 2,34574-85-32,דירה בבית קומות,6.0,קומה ‎8‏,145.6,4015000,,,2019.0,,10.0,3723388860,1,3457485,False,,בית שמש,כסליו,,34574-85-32,34574/85,27575.54945054945,31.7030922875,35.00511335,2024
2024-04-15,2024-04-15,"נחל צאלים 1, בית שמש",נחל צאלים 1,34294-62-80,דירה בבית קומות,3.0,קומה ‎4‏,68.9,2420000,,,2016.0,,7.0,3723324000,1,3429462,False,,בית שמש,נחל צאלים,,34294-62-80,34294/62,35123.367198838896,31.7121730599,34.9883530771,2024
2024-04-15,2024-04-15,"נחל עין גדי 38, בית שמש",נחל עין גדי 38,34279-71-36,דירה בבית קומות,3.0,חמישית,70.55,2200000,,,2000.0,,8.0,3723804420,1,3427971,False,,בית שמש,נחל עין גדי,,34279-71-36,34279/71,31183.55776045358,31.7138537266,34.9835697293,2024
2024-04-15,2024-04-15,"השלושה 7, ",השלושה 7,34574-21-39,דירה בבית קומות,3.0,ראשונה,77.0,2500000,,,2020.0,,9.0,3723320550,1,3457421,False,,בית שמש,כסליו,,34574-21-39,34574/21,32467.532467532463,31.7029572887,35.0041907,2024
2024-04-14,2024-04-14,"מרים הנביאה 3, בית שמש",מרים הנביאה 3,34518-23-25,דירה בבית קומות,3.0,קומה ‎3‏,86.3,1950000,,,2016.0,,7.0,3723354480,1,3451823,False,148% ב 7.6 שנים,בית שמש,מרים הנביאה,19.47,34518-23-25,34518/23,22595.59675550405,31.7038349904,34.993806218,2024
2024-04-14,2024-04-14,"העונות 21, ",העונות 21,34574-88-58,דירה בבית קומות,5.0,ראשונה,125.0,3150000,,,2020.0,,7.0,3723577920,1,3457488,False,,בית שמש,העונות,,34574-88-58,34574/88,25200.0,31.6996598756,35.0065836036,2024
2024-04-09,2024-09-04,"בן-אליעזר 8, בית שמש",בן-אליעזר 8,5240-49-1,דירה בבית קומות,4.0,קרקע,79.7,1700000,,,1999.0,,7.0,3727081050,1,524049,False,41% ב 6.5 שנים,בית שמש,בן אליעזר,6.31,5240-49-1,5240/49,21329.98745294856,31.7419736433,34.9821083917,2024
2024-04-08,2024-08-04,"הגולן 7, בית שמש",הגולן 7,5216-6-9,דירה בבית קומות,4.0,ראשונה,80.4,1845000,,,1995.0,,2.0,3726214500,1,52166,False,,בית שמש,הגולן,,5216-6-9,5216/6,22947.76119402985,31.7438625269,34.9927094614,2024
2024-04-08,2024-08-04,"נחל הקישון 52, בית שמש",נחל הקישון 52,34294-63-10,דירה בבית קומות,3.0,קומה ‎4‏,81.6,2000000,,,2018.0,,7.0,3726132630,1,3429463,False,53% ב 5.8 שנים,בית שמש,נחל הקישון,9.14,34294-63-10,34294/63,24509.80392156863,31.7119634956,34.989410816,2024
2024-04-07,2024-07-04,"נחל עין גדי 40, בית שמש",נחל עין גדי 40,34279-69-50,דירה בבית קומות,5.0,ראשונה,114.6,4200000,,,2007.0,,3.0,3725131770,1,3427969,False,281% ב 15 שנים,בית שמש,נחל עין גדי,18.73,34279-69-50,34279/69,36649.214659685866,31.7136251926,34.9846132197,2024
2024-04-06,2024-06-04,"מרים הנביאה 21, בית שמש",מרים הנביאה 21,34518-31-1,דירה בבית קומות,4.0,קומה ‎0‏,88.4,2620000,,,2018.0,,7.0,3724253670,1,3451831,False,,בית שמש,מרים הנביאה,,34518-31-1,34518/31,29638.009049773755,31.7011571312,34.9937866436,2024
2024-04-06,2024-06-04,"קרן היסוד 3, בית שמש",קרן היסוד 3,5208-162-5,דירה בבית קומות,3.0,שניה,52.0,1350000,,,1970.0,,2.0,3724364250,1,5208162,False,46% ב 6.5 שנים,בית שמש,קרן היסוד,7.08,5208-162-5,5208/162,25961.53846153846,31.7495888748,34.9930391674,2024
2024-04-05,2024-05-04,"שער השמים 3, בית שמש",שער השמים 3,5379-15-10,דירה בבית קומות,4.0,ראשונה,102.0,2400000,,,1980.0,,2.0,3725082780,1,537915,False,,בית שמש,שער השמיים,,5379-15-10,5379/15,23529.41176470588,31.7408753823,34.992872915,2024
2024-04-04,2024-04-04,"האמוראים 19, ",האמוראים 19,34583-43-21,דירה בבית קומות,5.0,חמישית,128.0,2600000,,,2022.0,,5.0,3723568320,1,3458343,False,,בית שמש,האמוראים,,34583-43-21,34583/43,20312.5,31.7062957379,34.97062227,2024
2024-04-04,2024-04-04,"בר-אילן 5, בית שמש",בר-אילן 5,5239-36-16,דירה בבית קומות,3.0,ראשונה,73.1,1725000,,,1990.0,,3.0,3723777450,1,523936,False,15% ב 1.4 שנים,בית שמש,בר אילן,10.71,5239-36-16,5239/36,23597.81121751026,31.7413046048,34.9906724483,2024
2024-04-04,2024-04-04,"משה רבנו 5, בית שמש",משה רבנו 5,34356-23-72,דירה בבית קומות,4.0,שלישית,91.1,2135000,,,2015.0,,8.0,3723127230,1,3435623,False,,בית שמש,משה רבנו,,34356-23-72,34356/23,23435.7848518112,31.7037621563,34.9824594625,2024
2024-04-04,2024-04-04,"מרים הנביאה 24, בית שמש",מרים הנביאה 24,34518-15-2,דירה בבית קומות,4.0,ראשונה,91.0,2035000,,,2016.0,,2.0,3723236670,1,3451815,False,,בית שמש,מרים הנביאה,,34518-15-2,34518/15,22362.637362637364,31.7013713219,34.9950331562,2024
2024-04-03,2024-03-04,"ראובן 14, בית שמש",ראובן 14,5545-8-3,דירה בבית קומות,4.0,ראשונה,126.0,2250000,,,1999.0,,,3722200170,1,55458,False,,בית שמש,ראובן,,5545-8-3,5545/8,17857.14285714286,31.7402149031,34.9871515029,2024
2024-04-03,2024-03-04,"הרב מרדכי צמח אליהו 9, בית שמש",הרב מרדכי צמח אליהו 9,80030-31-14,דירה בבית קומות,3.0,רביעית,76.6,2050000,,,2014.0,,5.0,3722092740,1,8003031,False,127% ב 10.1 שנים,בית שמש,הרב מרדכי צמח אליהו,12.57,80030-31-14,80030/31,26762.402088772847,31.709817574,35.0030649073,2024
2024-04-02,2024-02-04,"הגולן 7, בית שמש",הגולן 7,5216-6-10,דירה בבית קומות,4.0,ראשונה,82.3,1875000,,,1995.0,,2.0,3721149960,1,52166,False,212% ב 15.2 שנים,בית שמש,הגולן,13.95,5216-6-10,5216/6,22782.503037667077,31.7438625269,34.9927094614,2024
2024-04-02,2024-02-04,"אוהל יהושע 10, בית שמש",אוהל יהושע 10,5151-70-3,דירה בבית קומות,3.0,ראשונה,75.0,1820000,,,2007.0,,2.0,3721205670,1,515170,False,,בית שמש,אוהל יהושע,,5151-70-3,5151/70,24266.666666666668,31.7355591833,34.9897351777,2024
2024-04-01,2024-01-04,"האמוראים 63, ",האמוראים 63,34281-344-2,משרד,,,103.0,3654000,,,2023.0,,,3721114320,1,34281344,False,,בית שמש,האמוראים,,34281-344-2,34281/344,35475.728155339806,31.7018412104,34.9717052358,2024
2024-04-01,2024-01-04,"בן איש חי 5, בית שמש",בן איש חי 5,5935-21-44,דירה בבית קומות,3.0,ראשונה,81.0,2050000,,,2006.0,,7.0,3720250050,1,593521,False,,בית שמש,בן איש חי,,5935-21-44,5935/21,25308.64197530864,31.7457665154,34.9993696842,2024
2024-04-01,2024-01-04,"העונות 25, ",העונות 25,34575-82-52,דירה בבית קומות,3.0,שישית,,1685000,,,2020.0,,6.0,3720922050,1,3457582,False,,בית שמש,העונות,,34575-82-52,34575/82,,31.6989260564,35.006546419,2024
2024-03-31,2024-03-31,"מרים הנביאה 3, בית שמש",מרים הנביאה 3,34518-23-31,דירה בבית קומות,3.0,קומה ‎5‏,84.4,1900000,,,2016.0,,7.0,3722656050,1,3451823,False,138% ב 7.5 שנים,בית שמש,מרים הנביאה,18.4,34518-23-31,34518/23,22511.848341232228,31.7038349904,34.993806218,2024
2024-03-29,2024-03-29,"אחיעזר 1, בית שמש",אחיעזר 1,5381-6-6,דירה בבית קומות,4.0,ראשונה,114.0,2600000,,,1993.0,,1.0,3723299520,1,53816,False,,בית שמש,אחיעזר,,5381-6-6,5381/6,22807.01754385965,31.7410740432,34.9945742421,2024
2024-03-28,2024-03-28,"האמוראים 43, ",האמוראים 43,34281-384-43,דירה בבית קומות,3.0,רביעית,76.0,2095000,,,2020.0,,7.0,3722853540,1,34281384,False,,בית שמש,האמוראים,,34281-384-43,34281/384,27565.78947368421,31.7025491182,34.9672639746,2024
2024-03-28,2024-03-28,"האמוראים 53, ",האמוראים 53,34281-351-1,דירה בבית קומות,3.0,רביעית,93.0,2210000,,,2022.0,,1.0,3722971560,1,34281351,False,,בית שמש,האמוראים,,34281-351-1,34281/351,23763.44086021505,31.7021651172,34.9695535079,2024
2024-03-28,2024-03-28,"נחל מיכה 16, בית שמש",נחל מיכה 16,34276-7-18,דירה בבית קומות,5.0,קרקע,101.6,4400000,,,1997.0,,4.0,3723338610,1,342767,False,,בית שמש,נחל מיכה,,34276-7-18,34276/7,43307.08661417323,31.717452199,34.9933601346,2024
2024-03-28,2024-03-28,"המשלט 18, בית שמש",המשלט 18,5208-152-14,דירה בבית קומות,4.0,חמישית,98.0,2066000,,,1980.0,2027.0,4.0,3723108210,1,5208152,False,,בית שמש,המשלט,,5208-152-14,5208/152,21081.632653061224,31.7500959835,34.9934710284,2024
2024-03-28,2024-03-28,"קוק הרב 3, בית שמש",קוק הרב 3,80030-25-11,דירה בבית קומות,4.5,שניה,121.0,2670000,,,2019.0,,4.0,3723054750,1,8003025,False,,בית שמש,הרב קוק,,80030-25-11,80030/25,22066.11570247934,31.7125504512,35.0033011888,2024
2024-03-27,2024-03-27,"בן-אליעזר 6, בית שמש",בן-אליעזר 6,5240-50-6,דירה בבית קומות,3.0,ראשונה,64.8,1500000,,,1980.0,,7.0,3723544260,1,524050,False,30% ב 2.7 שנים,בית שמש,בן אליעזר,11.11,5240-50-6,5240/50,23148.14814814815,31.7419283083,34.9827345155,2024
2024-03-27,2024-03-27,"מעפילי אגוז 12, בית שמש",מעפילי אגוז 12,5546-8-3,דירה בבית קומות,7.0,ראשונה,174.0,3700000,,,1990.0,,1.0,3722951550,1,55468,False,,בית שמש,מעפילי אגוז,,5546-8-3,5546/8,21264.367816091955,31.7392791514,34.9912038764,2024
2024-03-27,2024-03-27,"מאיר 1146, בית שמש",מאיר 1146,5211-152-16,דירה בבית קומות,4.0,רביעית,79.0,1130000,,,1970.0,,4.0,3722961720,1,5211152,False,66% ב 8.1 שנים,בית שמש,נתיב מאיר,8.15,5211-152-16,5211/152,14303.79746835443,31.74933997,34.9816970928,2024
2024-03-27,2024-03-27,"הרצל 8, בית שמש",הרצל 8,5209-60-2,דירה בבית קומות,3.0,ראשונה,45.3,1200000,,,1960.0,,3.0,3723091560,1,520960,False,46% ב 12.3 שנים,בית שמש,הרצל,3.74,5209-60-2,5209/60,26490.066225165563,31.7499751495,34.9880711234,2024
2024-03-25,2024-03-25,"נחל שחם 27, בית שמש",נחל שחם 27,34357-14-25,דירה בבית קומות,3.0,קומה ‎2‏,76.99,1840000,,,2014.0,,5.0,3722662230,1,3435714,False,139% ב 11.5 שנים,בית שמש,נחל שחם,12.09,34357-14-25,34357/14,23899.2076893103,31.7038199995,34.9864927498,2024
2024-03-21,2024-03-21,"נחל הקישון 11, בית שמש",נחל הקישון 11,34276-18-25,דירה בבית קומות,4.0,שלישית,78.0,1985000,,,2000.0,,5.0,3722743650,1,3427618,False,72% ב 8.8 שנים,בית שמש,נחל הקישון,8.18,34276-18-25,34276/18,25448.71794871795,31.7176322999,34.9905807229,2024
2024-03-21,2024-03-21,"נהר הירדן 10, בית שמש",נהר הירדן 10,5151-20-53,דירה בבית קומות,4.0,שניה,94.0,2250000,,,2003.0,,6.0,3723161880,1,515120,False,,בית שמש,נהר הירדן,,5151-20-53,5151/20,23936.17021276596,31.7354716671,34.9918788666,2024
2024-03-20,2024-03-20,"האמוראים 33, ",האמוראים 33,34281-381-57,דירה בבית קומות,3.0,ראשונה,99.0,1920000,,,2019.0,,6.0,3722959230,1,34281381,False,,בית שמש,האמוראים,,34281-381-57,34281/381,19393.939393939392,31.7036118745,34.9653896198,2024
2024-03-20,2024-03-20,"דוד רזיאל 7, בית שמש",דוד רזיאל 7,5240-18-10,דירה בבית קומות,4.0,שלישית,79.84,1660000,,,1980.0,,4.0,3722416200,1,524018,False,,בית שמש,רזיאל דוד,,5240-18-10,5240/18,20791.583166332664,31.7430230839,34.9822025361,2024
2024-03-20,2024-03-20,"בן איש חי 38, בית שמש",בן איש חי 38,5935-19-102,דירה בבית קומות,3.0,קומה ‎4‏,67.08,2325000,,,2009.0,,8.0,3722430570,1,593519,False,,בית שמש,בן איש חי,,5935-19-102,5935/19,34660.10733452594,31.7470632432,35.0009993894,2024
2024-03-20,2024-03-20,"בן ציון אבא שאול 8, בית שמש",בן ציון אבא שאול 8,5934-24-37,דירה בבית קומות,3.0,רביעית,72.65,1850000,,,2010.0,,4.0,3722421180,1,593424,False,,בית שמש,בן ציון אבא שאול,,5934-24-37,5934/24,25464.556090846523,31.7485841234,35.000426176,2024
2024-03-19,2024-03-19,"השבעה 6, בית שמש",השבעה 6,5213-30-16,דירה בבית קומות,4.0,רביעית,69.8,1550000,,,1970.0,,6.0,3722379060,1,521330,False,82% ב 7 שנים,בית שמש,השבעה,11.71,5213-30-16,5213/30,22206.30372492837,31.7490901283,34.9852088941,2024
2024-03-19,2024-03-19,"נחל רביבים 18, בית שמש",נחל רביבים 18,34271-29-32,דירה בבית קומות,3.0,שניה,69.0,1720000,,,1999.0,,6.0,3723063600,1,3427129,False,47% ב 6.6 שנים,בית שמש,נחל רביבים,7.12,34271-29-32,34271/29,24927.536231884056,31.7107609474,34.9926206848,2024
2024-03-18,2024-03-18,"נחל לכיש 19, בית שמש",נחל לכיש 19,34274-18-20,דירה בבית קומות,4.0,שלישית,92.5,2100000,,,2001.0,,3.0,3722592660,1,3427418,False,,בית שמש,נחל לכיש,,34274-18-20,34274/18,22702.702702702703,31.7132496319,34.9918571996,2024
2024-03-18,2024-03-18,"המעפילים 10, בית שמש",המעפילים 10,5210-87-11,דירה בבית קומות,3.0,קומה ‎2‏,54.1,1350000,,,1970.0,,7.0,3722551530,1,521087,False,,בית שמש,המעפילים,,5210-87-11,5210/87,24953.789279112752,31.7507116921,34.9855608055,2024
2024-03-18,2024-03-18,"נחל ניצנים 8, בית שמש",נחל ניצנים 8,34278-39-18,דירה בבית קומות,3.0,שניה,76.2,1900000,,,2002.0,,4.0,3722568900,1,3427839,False,29% ב 2.4 שנים,בית שמש,נחל ניצנים,12.08,34278-39-18,34278/39,24934.383202099736,31.7140804463,34.9878679264,2024
2024-03-17,2024-03-17,"יחזקאל הנביא 2, בית שמש",יחזקאל הנביא 2,34356-9-7,דירה בבית קומות,4.0,שניה,89.8,2180000,,,2014.0,,5.0,3722350380,1,343569,False,,בית שמש,יחזקאל הנביא,,34356-9-7,34356/9,24276.169265033408,31.7035331049,34.9816469904,2024
2024-03-14,2024-03-14,"הגפן 11, בית שמש",הגפן 11,5212-76-2,דירה בבית קומות,4.0,ראשונה,89.0,2567000,,,1956.0,,1.0,3722618670,1,521276,False,,בית שמש,הגפן,,5212-76-2,5212/76,28842.69662921348,31.7463816092,34.9889813582,2024
2024-03-14,2024-03-14,"אור החיים 10, בית שמש",אור החיים 10,5380-38-6,דירה בבית קומות,5.0,שניה שלישית,131.7,2530000,,,1992.0,,2.0,3722611200,1,538038,False,23% ב 4 שנים,בית שמש,אור החיים,5.75,5380-38-6,5380/38,19210.32649962035,31.7370340065,34.994309285,2024
2024-03-14,2024-03-14,"ירמיהו הנביא 20, בית שמש",ירמיהו הנביא 20,34357-4-11,דירה בבית קומות,5.0,שישית,94.4,2340000,,,2011.0,,5.0,3722322630,1,343574,False,135% ב 12.5 שנים,בית שמש,ירמיהו הנביא,10.8,34357-4-11,34357/4,24788.135593220337,31.7016818975,34.9842440431,2024
2024-03-14,2024-03-14,"נחל דולב 9, בית שמש",נחל דולב 9,34272-6-17,דירה בבית קומות,4.0,ראשונה,92.71,2979000,,,1999.0,,2.0,3722710230,1,342726,False,19% ב 1.8 שנים,בית שמש,נחל דולב,10.56,34272-6-17,34272/6,32132.45604573401,31.7153525319,34.997757033,2024
2024-03-13,2024-03-13,"מרים הנביאה 6, בית שמש",מרים הנביאה 6,34518-10-13,דירה בבית קומות,4.0,קומה ‎4‏,82.7,2140000,,,2015.0,,8.0,3722292690,1,3451810,False,119% ב 8.1 שנים,בית שמש,מרים הנביאה,14.69,34518-10-13,34518/10,25876.662636033856,31.7037243623,34.9931523012,2024
2024-03-13,2024-03-13,"האמוראים 14, ",האמוראים 14,34583-12-1,דירה בבית קומות,3.0,שישית,105.0,1910000,,,2019.0,,1.0,3722275170,1,3458312,False,,בית שמש,האמוראים,,34583-12-1,34583/12,18190.47619047619,31.7061748591,34.9722421957,2024
2024-03-13,2024-03-13,"נהרדעא 26, ",נהרדעא 26,34281-357-2,דירה בבית קומות,5.0,ראשונה,128.0,3106000,,,2019.0,,,3722484810,1,34281357,False,,בית שמש,נהרדעא,,34281-357-2,34281/357,24265.625,31.7006691289,34.9691670527,2024
2024-03-08,2024-08-03,"הרצל 28, בית שמש",הרצל 28,5208-73-11,דירה בבית קומות,3.0,שלישית,44.75,1640000,,,1960.0,,4.0,3726208620,1,520873,False,60% ב 3.6 שנים,בית שמש,הרצל,16.67,5208-73-11,5208/73,36648.04469273743,31.7493054561,34.9920530959,2024
2024-03-07,2024-07-03,"תלמוד בבלי 13, ",תלמוד בבלי 13,34281-332-33,דירה בבית קומות,3.0,קומה ‎3‏,86.0,2100000,,,2020.0,,6.0,3726327450,1,34281332,False,,בית שמש,תלמוד בבלי,,34281-332-33,34281/332,24418.60465116279,31.6996748166,34.970649915,2024
2024-03-07,2024-07-03,"מרים הנביאה 20, בית שמש",מרים הנביאה 20,34517-23-6,דירה בבית קומות,3.0,חמישית,74.0,1830000,,,2020.0,,5.0,3725231520,1,3451723,False,,בית שמש,מרים הנביאה,,34517-23-6,34517/23,24729.72972972973,31.7007523169,34.9942674283,2024
2024-03-06,2024-06-03,"מצפה הרש""פ 4, בית שמש","מצפה הרש""פ 4",5152-17-14,דירה בבית קומות,3.0,ראשונה,75.0,1900000,,,2003.0,,5.0,3724734810,1,515217,False,,בית שמש,"מצפה הרש""פ",,5152-17-14,5152/17,25333.33333333333,31.7300239413,34.9936989793,2024
2024-03-06,2024-06-03,"הרצל 32, בית שמש",הרצל 32,5208-75-2,דירה בבית קומות,3.0,ראשונה,44.75,1440000,,,1970.0,,3.0,3724329360,1,520875,False,,בית שמש,הרצל,,5208-75-2,5208/75,32178.77094972067,31.7493248608,34.9928116252,2024
2024-03-06,2024-06-03,"בן איש חי 61, בית שמש",בן איש חי 61,5934-19-57,דירה בבית קומות,3.0,שלישית,68.0,1870000,,,2012.0,,7.0,3724208340,1,593419,False,,בית שמש,בן איש חי,,5934-19-57,5934/19,27500.0,31.7509836575,34.9988520653,2024
2024-03-06,2024-06-03,"בן איש חי 32, בית שמש",בן איש חי 32,5935-19-33,דירה בבית קומות,4.0,קומה ‎4‏,67.08,2300000,,,2010.0,,8.0,3725489430,1,593519,False,,בית שמש,בן איש חי,,5935-19-33,5935/19,34287.41800834824,31.7470632432,35.0009993894,2024
2024-03-06,2024-06-03,"אריה לוין 3, בית שמש",אריה לוין 3,5239-8-1,דירה בבית קומות,4.0,קרקע+ראשונה,82.37,2500000,,,1990.0,,1.0,3724354110,1,52398,False,,בית שמש,לוין אריה,,5239-8-1,5239/8,30350.855894136213,31.7425797479,34.9879508719,2024
2024-03-06,2024-06-03,"יואל הנביא 26, בית שמש",יואל הנביא 26,34355-84-8,דירה בבית קומות,4.0,רביעית,95.65,2200000,,,2013.0,,5.0,3724325130,1,3435584,False,101% ב 11.4 שנים,בית שמש,יואל הנביא,8.86,34355-84-8,34355/84,23000.522739153163,31.7055436939,34.9790670686,2024
2024-03-06,2024-06-03,"נחל קטלב 8, בית שמש",נחל קטלב 8,34273-40-14,דירה בבית קומות,3.0,שלישית,78.7,1890000,,,1997.0,,4.0,3724425630,1,3427340,False,57% ב 3.9 שנים,בית שמש,נחל קטלב,14.62,34273-40-14,34273/40,24015.247776365944,31.7164396306,34.9967195813,2024
2024-03-04,2024-04-03,"נחל אורייה 4, בית שמש",נחל אורייה 4,34276-17-23,דירה בבית קומות,3.0,שלישית,74.0,2400000,,,1996.0,,3.0,3723327750,1,3427617,False,118% ב 10.1 שנים,בית שמש,נחל אוריה,11.68,34276-17-23,34276/17,32432.432432432437,31.7165618106,34.9917544922,2024
2024-03-04,2024-04-03,"אלברט מנדלר 1, בית שמש",אלברט מנדלר 1,5239-12-12,דירה בבית קומות,4.0,שלישית,78.0,1950000,,,1991.0,,4.0,3722985480,1,523912,False,61% ב 7.1 שנים,בית שמש,מנדלר אלברט,8.59,5239-12-12,5239/12,25000.0,31.7422880249,34.9883006703,2024
2024-03-03,2024-03-03,"אוהל יהושע 10, בית שמש",אוהל יהושע 10,5151-70-2,דירה בבית קומות,3.0,שניה,100.0,1950000,,,2007.0,,2.0,3722195160,1,515170,False,,בית שמש,אוהל יהושע,,5151-70-2,5151/70,19500.0,31.7355591833,34.9897351777,2024
2024-03-03,2024-03-03,"בן איש חי 45, בית שמש",בן איש חי 45,5934-24-6,דירה בבית קומות,3.0,ראשונה,76.25,1750000,,,2013.0,,4.0,3721914810,1,593424,False,,בית שמש,בן איש חי,,5934-24-6,5934/24,22950.819672131147,31.7485841234,35.000426176,2024
2024-03-01,2024-01-03,"קרן היסוד 7, בית שמש",קרן היסוד 7,5208-160-6,דירה בבית קומות,3.0,שניה,52.0,1525000,,,1970.0,,2.0,3720115470,1,5208160,False,99% ב 7.9 שנים,בית שמש,קרן היסוד,12.53,5208-160-6,5208/160,29326.92307692308,31.7495898073,34.9922537615,2024
2024-02-29,2024-02-29,"חיד""א 1, בית שמש","חיד""א 1",5934-21-73,דירה בבית קומות,3.0,רביעית,66.0,1790000,,,2009.0,,5.0,3722351370,1,593421,False,,בית שמש,"חיד""א",,5934-21-73,5934/21,27121.21212121212,31.749617221,34.9998631122,2024
2024-02-29,2024-02-29,"נהרדעא 16, ",נהרדעא 16,34281-440-10,דירה בבית קומות,5.0,קומה ‎3‏,110.5,2432000,,,2020.0,,7.0,3722169450,1,34281440,False,,בית שמש,נהרדעא,,34281-440-10,34281/440,22009.04977375565,31.6998302015,34.9721310433,2024
2024-02-28,2024-02-28,"נחל הקישון 11, בית שמש",נחל הקישון 11,34276-18-21,דירה בבית קומות,4.0,ראשונה,78.0,2670000,,,2000.0,,5.0,3721898940,1,3427618,False,72% ב 7 שנים,בית שמש,נחל הקישון,10.29,34276-18-21,34276/18,34230.769230769234,31.7176322999,34.9905807229,2024
2024-02-28,2024-02-28,"נהרדעא 18, ",נהרדעא 18,34281-334-39,דירה בבית קומות,3.0,קומה ‎5‏,77.0,1951000,,,2019.0,,6.0,3722160540,1,34281334,False,,בית שמש,נהרדעא,,34281-334-39,34281/334,25337.66233766234,31.7004125537,34.9709395169,2024
2024-02-27,2024-02-27,"נריה הנביא 5, בית שמש",נריה הנביא 5,34356-6-48,דירה בבית קומות,3.0,חמישית,73.8,1820000,,,2014.0,,6.0,3721865490,1,343566,False,145% ב 9.9 שנים,בית שמש,נריה הנביא,14.65,34356-6-48,34356/6,24661.24661246613,31.7044601028,34.9783921642,2024
2024-02-27,2024-02-27,"נחל עין גדי 23, בית שמש",נחל עין גדי 23,34277-7-19,דירה בבית קומות,5.0,שניה,112.55,2900000,,,1998.0,,2.0,3722285730,1,342777,False,94% ב 8.5 שנים,בית שמש,נחל עין גדי,11.06,34277-7-19,34277/7,25766.326077298974,31.7156473317,34.9820971004,2024
2024-02-26,2024-02-26,"העלייה 7, בית שמש",העלייה 7,5203-10-168,דירה בבית קומות,5.0,קומה ‎10‏,126.75,2670000,,,2012.0,,15.0,3721825920,1,520310,False,,בית שמש,העליה,,5203-10-168,5203/10,21065.08875739645,31.7557246239,34.9873893367,2024
2024-02-25,2024-02-25,"אהבת ישראל 4, בית שמש",אהבת ישראל 4,5240-21-20,דירה בבית קומות,4.0,חמישית,79.4,1800000,,,1980.0,,7.0,3722541720,1,524021,False,,בית שמש,אהבת ישראל,,5240-21-20,5240/21,22670.02518891688,31.7421416223,34.9807099481,2024
2024-02-22,2024-02-22,"האמוראים 55, ",האמוראים 55,34281-350-4,חנות,,,208.0,4950000,,,2020.0,,2.0,3722410770,1,34281350,False,,בית שמש,האמוראים,,34281-350-4,34281/350,23798.07692307692,31.7021030353,34.9701235235,2024
2024-02-21,2024-02-21,"ביאליק 10, בית שמש",ביאליק 10,5210-17-14,דירה בבית קומות,3.0,שניה,45.4,1300000,,,1960.0,,3.0,3721888320,1,521017,False,,בית שמש,ביאליק,,5210-17-14,5210/17,28634.361233480176,31.7525596874,34.9840797087,2024
2024-02-21,2024-02-21,"העונות 21, ",העונות 21,34574-88-57,דירה בבית קומות,5.0,שניה,127.0,2700000,,,2020.0,,7.0,3722157330,1,3457488,False,,בית שמש,העונות,,34574-88-57,34574/88,21259.84251968504,31.6996598756,35.0065836036,2024
2024-02-21,2024-02-21,"הלל 14, בית שמש",הלל 14,5942-8-7,דירה בבית קומות,4.0,רביעית,69.5,2800000,,,2003.0,,4.0,3722571630,1,59428,False,,בית שמש,הלל,,5942-8-7,5942/8,40287.76978417266,31.7271025485,34.9926897299,2024
2024-02-20,2024-02-20,"הרצל 26, בית שמש",הרצל 26,5208-72-6,דירה בבית קומות,3.0,שלישית,44.75,1660000,,,1960.0,,4.0,3721802100,1,520872,False,161% ב 10 שנים,בית שמש,הרצל,16.1,5208-72-6,5208/72,37094.9720670391,31.7494679403,34.9917056493,2024
2024-02-20,2024-02-20,"נחל קטלב 10, בית שמש",נחל קטלב 10,34276-12-14,דירה בבית קומות,4.0,שלישית,98.9,2200000,,,1998.0,,4.0,3721924890,1,3427612,False,,בית שמש,נחל קטלב,,34276-12-14,34276/12,22244.69160768453,31.7169949828,34.9958493442,2024
2024-02-19,2024-02-19,"נחל צאלים 1, בית שמש",נחל צאלים 1,34294-62-77,דירה בבית קומות,3.0,קומה ‎4‏,68.9,2200000,,,2016.0,,7.0,3722285250,1,3429462,False,64% ב 5.5 שנים,בית שמש,נחל צאלים,11.64,34294-62-77,34294/62,31930.333817126266,31.7121730599,34.9883530771,2024
2024-02-19,2024-02-19,"רבי נחוניה 1, בית שמש",רבי נחוניה 1,5152-15-15,דירה בבית קומות,3.0,ראשונה,85.0,2175000,,,2002.0,,3.0,3722441430,1,515215,False,,בית שמש,תכלת מרדכי,,5152-15-15,5152/15,25588.235294117647,31.7329979854,34.9893867819,2024
2024-02-19,2024-02-19,"חבקוק הנביא 33, בית שמש",חבקוק הנביא 33,34355-114-4,דירה בבית קומות,4.0,שישית,108.0,2200000,,,2012.0,,1.0,3722294400,1,34355114,False,,בית שמש,חבקוק הנביא,,34355-114-4,34355/114,20370.37037037037,31.7088768899,34.9809811523,2024
2024-02-19,2024-02-19,"הגליל 9, בית שמש",הגליל 9,5232-13-26,דירה בבית קומות,5.0,קרקע,110.4,3100000,,,1995.0,,2.0,3721890270,1,523213,False,,בית שמש,הגליל,,5232-13-26,5232/13,28079.710144927536,31.7460152603,34.9931208025,2024
2024-02-18,2024-02-18,"הרב הרצוג 41, בית שמש",הרב הרצוג 41,5151-22-36,דירה בבית קומות,4.0,רביעית,79.6,2000000,,,2015.0,,5.0,3722716920,1,515122,False,70% ב 8.6 שנים,בית שמש,הרב הרצוג,8.14,5151-22-36,5151/22,25125.62814070352,31.7369468131,34.990281443,2024
2024-02-18,2024-02-18,"נחל מטע 3, בית שמש",נחל מטע 3,34272-9-7,דירה בבית קומות,5.0,שניה,105.74,2530000,,,1998.0,,3.0,3721687050,1,342729,False,,בית שמש,נחל מטע,,34272-9-7,34272/9,23926.612445621337,31.7117341373,34.9988078353,2024
2024-02-18,2024-02-18,"משה רבנו 9, בית שמש",משה רבנו 9,34356-23-25,דירה בבית קומות,3.5,שניה,84.7,2090000,,,2016.0,,8.0,3721909110,1,3435623,False,14% ב 0.2 שנים,בית שמש,משה רבנו,70.0,34356-23-25,34356/23,24675.324675324675,31.7037621563,34.9824594625,2024
2024-02-15,2024-02-15,"יואל הנביא 22, בית שמש",יואל הנביא 22,34355-85-28,דירה בבית קומות,5.0,שלישית,105.8,2645000,,,2011.0,,5.0,3721685310,1,3435585,False,128% ב 10.7 שנים,בית שמש,יואל הנביא,11.96,34355-85-28,34355/85,25000.0,31.7057572403,34.9798650414,2024
2024-02-15,2024-02-15,"נחל שורק 21, בית שמש",נחל שורק 21,34274-19-15,דירה בבית קומות,3.0,שניה,77.3,1735000,,,2000.0,,3.0,3721546740,1,3427419,False,73% ב 6.1 שנים,בית שמש,נחל שורק,11.97,34274-19-15,34274/19,22445.019404915914,31.7151605765,34.9909774715,2024
2024-02-13,2024-02-13,"יחזקאל הנביא 8, בית שמש",יחזקאל הנביא 8,34356-10-43,דירה בבית קומות,3.0,קומה ‎3‏,73.58,2200000,,,2013.0,,7.0,3721601160,1,3435610,False,145% ב 11 שנים,בית שמש,יחזקאל הנביא,13.18,34356-10-43,34356/10,29899.42919271541,31.7042744352,34.9821998787,2024
2024-02-13,2024-02-13,"בן איש חי 61, בית שמש",בן איש חי 61,5934-19-56,דירה בבית קומות,3.0,ראשונה,68.0,1800000,,,2012.0,,7.0,3721439580,1,593419,False,,בית שמש,בן איש חי,,5934-19-56,5934/19,26470.58823529412,31.7509836575,34.9988520653,2024
2024-02-13,2024-02-13,"יחזקאל הנביא 12, בית שמש",יחזקאל הנביא 12,34356-10-15,דירה בבית קומות,5.0,"קומה ‎1‏, קומה ‎2‏",138.96,3000000,,,2012.0,,7.0,3721604910,1,3435610,False,88% ב 9.5 שנים,בית שמש,יחזקאל הנביא,9.26,34356-10-15,34356/10,21588.94645941278,31.7042744352,34.9821998787,2024
2024-02-13,2024-02-13,"חיים לסקוב 3, בית שמש",חיים לסקוב 3,5239-1-36,דירה בבית קומות,3.0,רביעית,78.3,1690000,,,1990.0,,4.0,3721433880,1,52391,False,80% ב 8.1 שנים,בית שמש,לסקוב חיים,9.88,5239-1-36,5239/1,21583.652618135377,31.7427536172,34.9859910741,2024
2024-02-13,2024-02-13,"נחל צאלים 5, בית שמש",נחל צאלים 5,34294-62-37,דירה בבית קומות,3.0,קומה ‎5‏,68.9,1900000,,,2016.0,,7.0,3721646730,1,3429462,False,60% ב 7.5 שנים,בית שמש,נחל צאלים,8.0,34294-62-37,34294/62,27576.19738751814,31.7121730599,34.9883530771,2024
2024-02-13,2024-02-13,"נחל דולב 24, בית שמש",נחל דולב 24,34273-38-20,דירה בבית קומות,5.0,שניה,98.4,2400000,,,2000.0,,4.0,3721973160,1,3427338,False,,בית שמש,נחל דולב,,34273-38-20,34273/38,24390.243902439022,31.7138363278,34.9970590693,2024
2024-02-08,2024-08-02,"העלייה 3, בית שמש",העלייה 3,5203-10-53,דירה בבית קומות,4.0,קומה ‎14‏,113.1,2450000,,,2017.0,,15.0,3726173700,1,520310,True,-22% ב 7.3 שנים,בית שמש,העליה,-3.01,5203-10-53,5203/10,21662.245800176835,31.7557246239,34.9873893367,2024
2024-02-07,2024-07-02,"דן לנר 6, בית שמש",דן לנר 6,5239-31-11,דירה בבית קומות,6.0,ראשונה+ שניה,109.1,2675000,,,1990.0,,3.0,3724942710,1,523931,False,,בית שמש,לנר דן,,5239-31-11,5239/31,24518.79010082493,31.7423930815,34.9920150037,2024
2024-02-07,2024-07-02,"קדושת אהרון 11, בית שמש",קדושת אהרון 11,5151-13-147,דירה בבית קומות,5.0,ראשונה,140.0,3150000,,,2010.0,,7.0,3725084490,1,515113,False,,בית שמש,קדושת אהרון,,5151-13-147,5151/13,22500.0,31.7358300036,34.9890737065,2024
2024-02-07,2024-07-02,"בן-גרא 1, בית שמש",בן-גרא 1,5210-20-2,דירה בבית קומות,2.0,ראשונה,28.5,131000,,,1960.0,,2.0,3725075340,1,521020,False,,בית שמש,בן גרא,,5210-20-2,5210/20,4596.491228070176,31.7522180496,34.9854185416,2024
2024-02-06,2024-06-02,"הרצל 11, בית שמש",הרצל 11,5212-5-3,דירה בבית קומות,4.0,שניה,80.0,1840000,,,1960.0,,2.0,3724294710,1,52125,False,42% ב 3.9 שנים,בית שמש,הרצל,10.77,5212-5-3,5212/5,23000.0,31.7488834386,34.9881890946,2024
2024-02-06,2024-06-02,"נחל דולב 13, בית שמש",נחל דולב 13,34272-7-19,דירה בבית קומות,6.0,שניה+שלישית,136.45,4722000,,,1999.0,,3.0,3724133610,1,342727,False,,בית שמש,נחל דולב,,34272-7-19,34272/7,34606.08281421766,31.7141595349,34.997559945,2024
2024-02-04,2024-04-02,"נחום הנביא 16, בית שמש",נחום הנביא 16,34357-17-25,דירה בבית קומות,5.0,"קרקע, ראשונה",137.85,3450000,,,2013.0,,1.0,3722799870,1,3435717,False,170% ב 9.5 שנים,בית שמש,נחום הנביא,17.89,34357-17-25,34357/17,25027.2034820457,31.7047648324,34.9840912009,2024
2024-02-04,2024-04-02,"נחל הבשור 7, בית שמש",נחל הבשור 7,34270-34-21,דירה בבית קומות,4.0,רביעית,112.45,3530000,,,1999.0,,5.0,3723808620,1,3427034,False,13% ב 1.8 שנים,בית שמש,נחל הבשור,7.22,34270-34-21,34270/34,31391.72965762561,31.7098616416,35.0000874007,2024
2024-02-01,2024-01-02,"יהודה המכבי 11, בית שמש",יהודה המכבי 11,5211-157-12,דירה בבית קומות,3.0,שניה,66.0,223000,,,1970.0,,4.0,3720300540,1,5211157,False,,בית שמש,יהודה המכבי,,5211-157-12,5211/157,3378.787878787879,31.7489890711,34.9822405975,2024
2024-01-31,2024-01-31,"ראובן 85, בית שמש",ראובן 85,5544-43-1,קוטג' דו משפחתי,7.0,ראשונה,223.0,4450000,,,1993.0,,1.0,3721406670,1,554443,False,,בית שמש,ראובן,,5544-43-1,5544/43,19955.156950672645,31.7383702352,34.9835042575,2024
2024-01-31,2024-01-31,"קרן היסוד 11, בית שמש",קרן היסוד 11,5208-158-13,דירה בבית קומות,3.0,רביעית,54.0,1385000,,,1960.0,,6.0,3721083120,1,5208158,False,42% ב 3.5 שנים,בית שמש,קרן היסוד,12.0,5208-158-13,5208/158,25648.14814814815,31.7499960719,34.9915614452,2024
2024-01-31,2024-01-31,"העונות 9, ",העונות 9,34574-12-27,דירה בבית קומות,5.0,שישית,120.0,2405000,,,2022.0,,5.0,3721107660,1,3457412,False,,בית שמש,העונות,,34574-12-27,34574/12,20041.666666666668,31.7018716598,35.0063516135,2024
2024-01-31,2024-01-31,"הרב מרדכי צמח אליהו 9, בית שמש",הרב מרדכי צמח אליהו 9,80030-31-11,דירה בבית קומות,4.0,שלישית,100.5,2500000,,,2014.0,,5.0,3721321230,1,8003031,False,106% ב 9 שנים,בית שמש,הרב מרדכי צמח אליהו,11.78,80030-31-11,80030/31,24875.621890547263,31.709817574,35.0030649073,2024
2024-01-31,2024-01-31,"אלברט מנדלר 6, בית שמש",אלברט מנדלר 6,5239-15-2,דירה בבית קומות,4.0,קרקע,102.9,2000000,,,1990.0,,2.0,3721628130,1,523915,False,156% ב 14 שנים,בית שמש,מנדלר אלברט,11.14,5239-15-2,5239/15,19436.34596695821,31.7424907498,34.9893250709,2024
2024-01-31,2024-01-31,"נריה הנביא 4, בית שמש",נריה הנביא 4,34356-4-18,דירה בבית קומות,5.0,"ראשונה, שניה",134.8,3725000,,,2014.0,,7.0,3721065060,1,343564,False,146% ב 9.5 שנים,בית שמש,נריה הנביא,15.37,34356-4-18,34356/4,27633.531157270027,31.7039930925,34.977787184,2024
2024-01-30,2024-01-30,"האמוראים 59, ",האמוראים 59,34281-348-3,דירה בבית קומות,4.0,שניה,112.0,2280000,,,2020.0,,2.0,3721839540,1,34281348,False,,בית שמש,האמוראים,,34281-348-3,34281/348,20357.14285714286,31.7020458939,34.9710081631,2024
2024-01-29,2024-01-29,"נהר הירדן 27, בית שמש",נהר הירדן 27,5152-18-11,דירה בבית קומות,4.0,ראשונה,86.0,2700000,,,2003.0,,2.0,3721187370,1,515218,False,,בית שמש,נהר הירדן,,5152-18-11,5152/18,31395.3488372093,31.7299942118,34.9945998262,2024
2024-01-29,2024-01-29,"נחל דולב 15, בית שמש",נחל דולב 15,34272-7-32,דירה בבית קומות,5.0,שניה+שלישית,131.15,4300000,,,1998.0,,3.0,3721041870,1,342727,False,,בית שמש,נחל דולב,,34272-7-32,34272/7,32786.885245901634,31.7141595349,34.997559945,2024
2024-01-29,2024-01-29,"בן איש חי 34, בית שמש",בן איש חי 34,5935-19-57,דירה בבית קומות,3.0,קומה ‎4‏,67.08,1875000,,,2010.0,,8.0,3722182350,1,593519,False,,בית שמש,בן איש חי,,5935-19-57,5935/19,27951.69946332737,31.7470632432,35.0009993894,2024
2024-01-28,2024-01-28,"המעפילים 5, בית שמש",המעפילים 5,5210-56-11,דירה בבית קומות,3.0,שלישית,46.8,1357000,,,1960.0,,3.0,3721064580,1,521056,False,,בית שמש,המעפילים,,5210-56-11,5210/56,28995.726495726496,31.7511257063,34.9866984583,2024
2024-01-28,2024-01-28,"דובר שלום 9, בית שמש",דובר שלום 9,5151-16-35,קרקע למגורים,,,,20000000,,,2009.0,,6.0,3722646120,1,515116,False,,בית שמש,דובר שלום,,5151-16-35,5151/16,,31.7362403255,34.9902486881,2024
2024-01-25,2024-01-25,"רמב""ם 65, בית שמש","רמב""ם 65",5207-21-3,דירה בבית קומות,2.0,שניה,25.6,2100000,,,1950.0,,2.0,3721045080,1,520721,False,,בית שמש,"רמב""ם",,5207-21-3,5207/21,82031.25,31.7495313847,34.9962422711,2024
2024-01-22,2024-01-22,"החרמון 7, בית שמש",החרמון 7,5215-2-28,דירה בבית קומות,4.0,ראשונה,88.4,2170000,,,1990.0,,4.0,3720886620,1,52152,False,,בית שמש,החרמון,,5215-2-28,5215/2,24547.511312217197,31.7468862095,34.9962488061,2024
2024-01-21,2024-01-21,"העלייה 11, בית שמש",העלייה 11,5203-10-326,דירה בבית קומות,5.0,קומה ‎14‏,122.35,2760000,,,2012.0,,15.0,3720646080,1,520310,False,128% ב 11.5 שנים,בית שמש,העליה,11.13,5203-10-326,5203/10,22558.234572946465,31.7557246239,34.9873893367,2024
2024-01-21,2024-01-21,"עמק הזיתים 25, בית שמש",עמק הזיתים 25,5212-115-2,דירה בבית קומות,3.0,ראשונה,47.5,2800000,,,1970.0,,1.0,3721155660,1,5212115,False,,בית שמש,עמק הזיתים,,5212-115-2,5212/115,58947.36842105263,31.7457601134,34.9901187809,2024
2024-01-21,2024-01-21,"מרים הנביאה 21, בית שמש",מרים הנביאה 21,34518-31-61,דירה בבית קומות,5.0,קומה ‎2‏,110.8,2810000,,,2018.0,,7.0,3721011630,1,3451831,False,93% ב 3.6 שנים,בית שמש,מרים הנביאה,25.83,34518-31-61,34518/31,25361.01083032491,31.7011571312,34.9937866436,2024
2024-01-20,2024-01-20,"האמוראים 17, ",האמוראים 17,34583-42-21,דירה בבית קומות,4.0,חמישית,115.0,2500000,,,2022.0,,5.0,3720874230,1,3458342,False,,בית שמש,האמוראים,,34583-42-21,34583/42,21739.130434782608,31.7061071873,34.9709810146,2024
2024-01-18,2024-01-18,"יחזקאל הנביא 3, בית שמש",יחזקאל הנביא 3,34356-25-53,דירה בבית קומות,4.0,שלישית,94.9,2400000,,,2015.0,,6.0,3721184880,1,3435625,False,,בית שמש,יחזקאל הנביא,,34356-25-53,34356/25,25289.77871443625,31.7038449187,34.9803567282,2024
2024-01-17,2024-01-17,"בן איש חי 20, בית שמש",בן איש חי 20,5935-20-12,דירה בבית קומות,5.0,רביעית,120.0,2650000,,,2008.0,,3.0,3721422240,1,593520,False,,בית שמש,בן איש חי,,5935-20-12,5935/20,22083.33333333333,31.7453733352,34.9999734692,2024
2024-01-17,2024-01-17,"הנורית 31, בית שמש",הנורית 31,5219-48-3,דירה בבית קומות,4.0,קרקע,72.6,1750000,,,1980.0,,1.0,3720736890,1,521948,False,45% ב 7.2 שנים,בית שמש,הנורית,6.25,5219-48-3,5219/48,24104.68319559229,31.7379668203,34.9775305155,2024
2024-01-17,2024-01-17,"העונות 21, ",העונות 21,34574-88-59,דירה בבית קומות,5.0,שניה,,2050000,,,2020.0,,7.0,3721304940,1,3457488,False,,בית שמש,העונות,,34574-88-59,34574/88,,31.6996598756,35.0065836036,2024
2024-01-16,2024-01-16,"בן ציון אבא שאול 8, בית שמש",בן ציון אבא שאול 8,5934-24-23,דירה בבית קומות,4.0,קרקע,88.65,2270000,,,2010.0,,4.0,3720565410,1,593424,False,,בית שמש,בן ציון אבא שאול,,5934-24-23,5934/24,25606.31697687535,31.7485841234,35.000426176,2024
2024-01-16,2024-01-16,"יחזקאל הנביא 49, בית שמש",יחזקאל הנביא 49,34357-7-18,דירה בבית קומות,3.0,ראשונה,81.0,1915000,,,2014.0,,3.0,3721228200,1,343577,False,,בית שמש,יחזקאל הנביא,,34357-7-18,34357/7,23641.975308641977,31.7015663455,34.9876453481,2024
2024-01-16,2024-01-16,"יחזקאל הנביא 12, בית שמש",יחזקאל הנביא 12,34356-10-18,דירה בבית קומות,3.0,קומה ‎3‏,73.43,2075000,,,2012.0,,7.0,3720554460,1,3435610,False,47% ב 4.4 שנים,בית שמש,יחזקאל הנביא,10.68,34356-10-18,34356/10,28258.20509328612,31.7042744352,34.9821998787,2024
2024-01-16,2024-01-16,"האמוראים 43, ",האמוראים 43,34281-384-42,דירה בבית קומות,5.5,שביעית,137.0,3050000,,,2020.0,,7.0,3721134390,1,34281384,False,,בית שמש,האמוראים,,34281-384-42,34281/384,22262.77372262774,31.7025491182,34.9672639746,2024
2024-01-16,2024-01-16,"בן איש חי 65, בית שמש",בן איש חי 65,5934-19-53,דירה בבית קומות,3.0,,69.0,1650000,,,2012.0,,7.0,3721422480,1,593419,False,,בית שמש,בן איש חי,,5934-19-53,5934/19,23913.043478260868,31.7509836575,34.9988520653,2024
2024-01-16,2024-01-16,"שמואל הנביא 11, בית שמש",שמואל הנביא 11,34515-31-68,דירה בבית קומות,5.0,"קומה ‎2‏, קומה ‎3‏",124.95,2350000,,,2019.0,,2.0,3721849920,1,3451531,False,,בית שמש,שמואל הנביא,,34515-31-68,34515/31,18807.52300920368,31.7065954222,34.9912564203,2024
2024-01-16,2024-01-16,"עקביא בן מהללאל 7, בית שמש",עקביא בן מהללאל 7,5943-28-22,דירה בבית קומות,3.0,קרקע,76.4,1071000,,,2000.0,,2.0,3721348260,1,594328,False,,בית שמש,עקביא בן מהללאל,,5943-28-22,5943/28,14018.32460732984,31.7370923334,34.9986335269,2024
2024-01-15,2024-01-15,"העונות 21, ",העונות 21,34574-88-56,דירה בבית קומות,3.0,שישית,78.0,1800000,,,2020.0,,7.0,3721186140,1,3457488,False,,בית שמש,העונות,,34574-88-56,34574/88,23076.92307692308,31.6996598756,35.0065836036,2024
2024-01-15,2024-01-15,"השושן 7, בית שמש",השושן 7,5964-38-1,קוטג' חד משפחתי,7.0,ראשונה,283.0,5912000,,,2000.0,,1.0,3721315800,1,596438,False,,בית שמש,השושן,,5964-38-1,5964/38,20890.4593639576,31.7369587584,34.9842025633,2024
2024-01-14,2024-01-14,"קרן היסוד 2, בית שמש",קרן היסוד 2,5208-153-3,דירה בבית קומות,3.0,ראשונה,62.0,1528000,,,1970.0,,3.0,3720473790,1,5208153,False,49% ב 6.1 שנים,בית שמש,קרן היסוד,8.03,5208-153-3,5208/153,24645.16129032258,31.7499775683,34.993074862,2024
2024-01-08,2024-08-01,"קרן היסוד 7, בית שמש",קרן היסוד 7,5208-160-11,דירה בבית קומות,3.0,שניה,52.0,1407000,,,1970.0,,2.0,3726723660,1,5208160,False,51% ב 5.3 שנים,בית שמש,קרן היסוד,9.62,5208-160-11,5208/160,27057.69230769231,31.7495898073,34.9922537615,2024
2024-01-08,2024-08-01,"הנרקיס 10, בית שמש",הנרקיס 10,5219-9-24,דירה בבית קומות,3.0,שלישית,67.0,1480000,,,1970.0,,3.0,3726655410,1,52199,False,25% ב 2.4 שנים,בית שמש,הנרקיס,10.42,5219-9-24,5219/9,22089.55223880597,31.7382625344,34.9758573267,2024
2024-01-08,2024-08-01,"האמוראים 25, ",האמוראים 25,34583-45-21,דירה בבית קומות,3.0,שישית,91.0,1930000,,,2021.0,,8.0,3727032840,1,3458345,False,,בית שמש,האמוראים,,34583-45-21,34583/45,21208.79120879121,31.7067371825,34.9691554902,2024
2024-01-08,2024-08-01,"בן איש חי 29, בית שמש",בן איש חי 29,5935-21-45,דירה בבית קומות,4.0,רביעית,90.0,2600000,,,2006.0,,7.0,3726489780,1,593521,False,,בית שמש,בן איש חי,,5935-21-45,5935/21,28888.88888888889,31.7457665154,34.9993696842,2024
2024-01-07,2024-07-01,"נחל הבשור 10, בית שמש",נחל הבשור 10,34270-33-15,דירה בבית קומות,4.0,קרקע,99.45,3425000,,,1999.0,,4.0,3724993440,1,3427033,False,287% ב 18.9 שנים,בית שמש,נחל הבשור,15.19,34270-33-15,34270/33,34439.416792357966,31.7095171089,34.9996160545,2024
2024-01-07,2024-07-01,"ריב""ל 56, בית שמש","ריב""ל 56",5940-7-17,דירה בבית קומות,6.0,ראשונה,127.7,2900000,,,1995.0,,4.0,3725596800,1,59407,False,38% ב 5.5 שנים,בית שמש,"ריב""ל",6.91,5940-7-17,5940/7,22709.475332811275,31.7236376772,34.9887554934,2024
2024-01-05,2024-05-01,"ריב""ל 9, בית שמש","ריב""ל 9",5940-17-58,דירה בבית קומות,3.0,ראשונה,73.5,1750000,,,1996.0,,3.0,3723400980,1,594017,False,98% ב 10 שנים,בית שמש,"ריב""ל",9.8,5940-17-58,5940/17,23809.52380952381,31.7237655035,34.9935808668,2024
2024-01-04,2024-04-01,"בן ציון אבא שאול 2, בית שמש",בן ציון אבא שאול 2,5935-18-46,דירה בבית קומות,5.0,ראשונה,100.0,2890000,,,2008.0,,6.0,3722967660,1,593518,False,,בית שמש,בן ציון אבא שאול,,5935-18-46,5935/18,28900.0,31.7469787939,35.0000903465,2024
2024-01-04,2024-04-01,"קרן היסוד 6, בית שמש",קרן היסוד 6,5208-156-20,דירה בבית קומות,3.0,שניה,62.0,1605000,,,1970.0,,3.0,3722714970,1,5208156,False,50% ב 5.5 שנים,בית שמש,קרן היסוד,9.09,5208-156-20,5208/156,25887.09677419355,31.7501709735,34.9920318824,2024
2024-01-04,2024-04-01,"יהודה המכבי 7, בית שמש",יהודה המכבי 7,5211-159-12,דירה בבית קומות,3.0,שניה,66.0,1760000,,,1970.0,,4.0,3723201750,1,5211159,False,76% ב 1.6 שנים,בית שמש,יהודה המכבי,47.5,5211-159-12,5211/159,26666.666666666668,31.7488716882,34.9815977806,2024
2024-01-04,2024-04-01,"הנרקיס 26, בית שמש",הנרקיס 26,5219-23-6,דירה בבית קומות,3.0,שניה,54.0,1390000,,,1970.0,,3.0,3722718420,1,521923,False,57% ב 2 שנים,בית שמש,הנרקיס,28.5,5219-23-6,5219/23,25740.74074074074,31.7371784227,34.98023862,2024
2024-01-03,2024-03-01,"רבי יהודה הנשיא 13, בית שמש",רבי יהודה הנשיא 13,5942-12-46,דירה בבית קומות,4.0,רביעית,78.4,3510000,,,1999.0,,5.0,3722002620,1,594212,False,119% ב 7.2 שנים,בית שמש,רבי יהודה הנשיא,16.53,5942-12-46,5942/12,44770.4081632653,31.7295691862,34.9913941351,2024
2024-01-02,2024-02-01,"נחל דולב 34, בית שמש",נחל דולב 34,34270-29-31,דירה בבית קומות,4.0,שניה,82.3,2350000,,,1996.0,,5.0,3721785300,1,3427029,False,,בית שמש,נחל דולב,,34270-29-31,34270/29,28554.070473876065,31.71231869,34.9975948611,2024
2024-01-01,2024-01-01,"העונות 23, ",העונות 23,34574-89-55,דירה בבית קומות,5.0,שביעית,126.0,3162000,,,2020.0,,7.0,3720850740,1,3457489,False,,בית שמש,העונות,,34574-89-55,34574/89,25095.23809523809,31.6992908713,35.0065900047,2024
2024-01-01,2024-01-01,"נחל מאור 3, בית שמש",נחל מאור 3,34270-21-4,דירת גן,7.0,קרקע ראשונה,157.8,6400000,,,2001.0,,,3720780660,1,3427021,False,,בית שמש,נחל מאור,,34270-21-4,34270/21,40557.66793409378,31.7093075201,35.0016150815,2024
2024-01-01,2024-01-01,"נחל מאור 11, בית שמש",נחל מאור 11,34270-38-6,דירה בבית קומות,4.0,שניה,101.5,2000000,,,1999.0,,3.0,3720439890,1,3427038,False,133% ב 15 שנים,בית שמש,נחל מאור,8.87,34270-38-6,34270/38,19704.433497536946,31.7083371524,35.0010312771,2024
2024-01-01,2024-01-01,"בן איש חי 36, בית שמש",בן איש חי 36,5935-19-77,דירה בבית קומות,3.0,קומה ‎4‏,67.08,2230000,,,2010.0,,8.0,3721091790,1,593519,False,262% ב 14.7 שנים,בית שמש,בן איש חי,17.82,5935-19-77,5935/19,33243.887895050684,31.7470632432,35.0009993894,2024
2024-01-01,2024-01-01,"בן איש חי 61, בית שמש",בן איש חי 61,5934-19-52,דירה בבית קומות,3.0,,78.0,1850000,,,2012.0,,7.0,3720026340,1,593419,False,,בית שמש,בן איש חי,,5934-19-52,5934/19,23717.94871794872,31.7509836575,34.9988520653,2024
